episode_id,cell_line_id,selected_gene,selected_index,selected_dependency,query_cost,n_queries,total_reward,n_query_cna,n_query_damaging_mutation,n_query_expression,n_query_hotspot_mutation,hit_at_k,dependency_regret
0,ACH-000417,ERCC3,7,-0.9712048192702762,0.16,8,0.8112048192702762,0,0,8,0,1.0,0.0
1,ACH-000552,KIF18A,6,-3.3760423938541426,0.16,8,3.2160423938541425,0,0,8,0,1.0,0.0
2,ACH-000172,CHD4,9,-1.2336927489255478,0.16,8,1.073692748925548,0,0,8,0,1.0,0.0
3,ACH-000422,MYC,9,-2.084482650782212,0.16,8,1.9244826507822121,0,0,8,0,1.0,0.0
4,ACH-000845,CHD4,12,-0.7769531642632684,0.18,9,0.5969531642632684,0,0,9,0,1.0,0.0
5,ACH-000444,DHPS,8,-1.284714993462327,0.16,8,1.124714993462327,0,0,8,0,1.0,0.0
6,ACH-002055,SMARCB1,9,-1.1161455436307226,0.16,8,0.9561455436307226,0,0,8,0,1.0,1.2549113529188296
7,ACH-000302,EIF1AX,8,-2.678016289084915,0.32,16,2.3580162890849152,0,0,16,0,1.0,0.0
8,ACH-001205,TRAPPC8,10,-1.3488439380027129,0.16,8,1.188843938002713,0,0,8,0,1.0,0.0
9,ACH-001528,RAC1,9,-0.8978636403728549,0.32,16,0.577863640372855,0,0,16,0,1.0,0.0
10,ACH-000478,H3-3A,14,-1.796293839012677,0.25999999999999995,13,1.536293839012677,0,0,13,0,1.0,0.0
11,ACH-001307,H3-3A,13,-1.1690368672527214,0.21999999999999997,11,0.9490368672527214,0,0,11,0,1.0,0.0
12,ACH-000959,KIF18A,4,-1.699575166073721,0.16,8,1.5395751660737211,0,0,8,0,1.0,0.0
13,ACH-000390,EIF1AX,4,-2.3364030014521693,0.16,8,2.176403001452169,0,0,8,0,1.0,0.0
14,ACH-000915,NCAPD2,11,-0.9890518222404616,0.16,8,0.8290518222404616,0,0,8,0,1.0,0.0
15,ACH-000223,EEF1A1,7,-1.2046582010549098,0.16,8,1.04465820105491,0,0,7,1,1.0,0.039902820131023864
16,ACH-000097,ICE1,3,-1.3922539859433556,0.32,16,1.0722539859433555,0,0,16,0,1.0,0.0
17,ACH-000323,EIF1AX,8,-2.2139732514964847,0.16,8,2.0539732514964846,0,0,8,0,1.0,0.0
18,ACH-000172,CCND1,9,-0.9123303606210482,0.16,8,0.7523303606210482,0,0,8,0,1.0,0.0
19,ACH-001702,MAX,11,-0.8335965869592336,0.32,16,0.5135965869592336,0,0,16,0,1.0,0.0
20,ACH-000627,MAX,13,-0.826131733153858,0.32,16,0.506131733153858,0,0,16,0,1.0,0.0
21,ACH-000272,EIF1AX,8,-1.1390970769714652,0.16,8,0.9790970769714652,0,0,8,0,1.0,0.1002816849125252
22,ACH-000191,PPP2R1A,11,-1.459626209444615,0.16,8,1.2996262094446152,0,0,8,0,1.0,0.0
23,ACH-000552,SETD2,10,-0.6263519370065058,0.5000000000000001,25,0.1263519370065057,0,9,16,0,1.0,0.6457660415030322
24,ACH-000097,POLE,5,-1.488831150147397,0.32,16,1.168831150147397,0,0,16,0,1.0,0.0
25,ACH-000371,SON,4,-1.2570513243849812,0.16,8,1.0970513243849813,0,0,8,0,1.0,0.0
26,ACH-002705,RFC5,5,-1.4207611324289109,0.16,8,1.260761132428911,0,0,8,0,1.0,0.0
27,ACH-000030,H3-3A,11,-1.8741200531751503,0.16,8,1.7141200531751504,0,0,8,0,1.0,0.0
28,ACH-000011,VHL,14,-0.5351695368998906,0.32,16,0.21516953689989055,0,0,16,0,1.0,0.18705990128437577
29,ACH-000697,RFC5,4,-1.7025395259713765,0.16,8,1.5425395259713766,0,0,8,0,1.0,0.0
30,ACH-001502,TACC3,13,-0.6825399320088865,0.38000000000000006,19,0.30253993200888646,0,3,16,0,1.0,0.09505675749644715
31,ACH-000978,TRRAP,3,-1.847826594010322,0.19999999999999998,10,1.647826594010322,0,0,10,0,1.0,0.0
32,ACH-000959,SMC5,6,-0.9219987242539918,0.32,16,0.6019987242539917,0,0,16,0,1.0,0.0
33,ACH-000381,TRAPPC8,8,-0.9244750217013552,0.16,8,0.7644750217013552,0,0,8,0,1.0,0.0
34,ACH-000435,RARS2,7,-0.5213903432397112,0.32,16,0.20139034323971122,0,0,16,0,1.0,0.39566079030977874
35,ACH-001054,MAX,2,-1.1230648489770083,0.23999999999999996,12,0.8830648489770083,0,0,12,0,1.0,0.8345988794848533
36,ACH-000144,PCBP1,9,-1.8443416735635787,0.16,8,1.6843416735635788,0,0,8,0,1.0,0.0
37,ACH-000422,ERCC3,12,-1.1951280963734892,0.32,16,0.8751280963734891,0,0,16,0,1.0,0.0
38,ACH-001054,CNOT3,4,-1.3129996021506063,0.16,8,1.1529996021506064,0,0,8,0,1.0,0.0
39,ACH-000541,DHPS,10,-0.5422572273362405,0.32,16,0.22225722733624048,0,0,16,0,1.0,0.01922201157847514
40,ACH-000381,CTCF,11,-2.018059979473116,0.16,8,1.858059979473116,0,0,8,0,1.0,0.0
41,ACH-001547,CRNKL1,15,-1.7997859604277675,0.3,15,1.4997859604277675,0,0,15,0,1.0,0.0
42,ACH-001791,SMC5,15,-1.1281995911779523,0.32,16,0.8081995911779523,0,0,16,0,1.0,0.0
43,ACH-000390,RFC5,5,-0.9944569105316534,0.16,8,0.8344569105316534,0,0,8,0,1.0,0.0
44,ACH-000718,SMC4,6,-1.2303792977193495,0.16,8,1.0703792977193496,0,0,8,0,1.0,0.0
45,ACH-001699,PCBP1,4,-1.3098266704457755,0.16,8,1.1498266704457756,0,0,8,0,1.0,0.0
46,ACH-001702,CCND1,7,-0.8754089824405111,0.16,8,0.7154089824405111,0,0,8,0,1.0,0.6535087767336902
47,ACH-001502,CUL3,15,-0.7775966895053337,0.38000000000000006,19,0.3975966895053336,0,3,16,0,1.0,0.0
48,ACH-000552,XPO1,2,-1.2883116650458817,0.23999999999999996,12,1.0483116650458817,0,0,12,0,1.0,0.0
49,ACH-000191,SON,0,-0.9204689735687632,0.32,16,0.6004689735687632,0,0,16,0,1.0,0.3588044255176108
50,ACH-001431,PCBP1,0,-0.9929967534320622,0.32,16,0.6729967534320622,0,0,16,0,1.0,0.0
51,ACH-000356,RAC1,15,-0.4376158569240434,0.32,16,0.11761585692404342,0,0,16,0,1.0,0.33863738016573647
52,ACH-001737,NCAPD2,12,-1.2292886273848118,0.18,9,1.0492886273848119,0,0,9,0,1.0,0.0
53,ACH-003590,EIF1AX,6,-1.3483742897927675,0.48000000000000015,24,0.8683742897927673,0,7,16,1,1.0,0.8209560971678156
54,ACH-000371,SF3B1,7,-1.3412572803084262,0.16,8,1.1812572803084262,0,0,8,0,1.0,0.43517952440890384
55,ACH-000202,STIL,8,-0.2226327660348701,0.32,16,-0.09736723396512992,0,0,16,0,1.0,0.31425902084413765
56,ACH-001618,PTPN11,14,-0.5449521205881238,0.32,16,0.2249521205881238,0,0,16,0,1.0,0.10374447463149417
57,ACH-000435,TRRAP,2,-1.8557460968830697,0.23999999999999996,12,1.6157460968830697,0,0,12,0,1.0,0.0
58,ACH-000391,MYC,5,-2.498093946988168,0.16,8,2.3380939469881676,0,0,7,1,1.0,0.0
59,ACH-000637,XRCC5,12,-0.7996193882507213,0.32,16,0.4796193882507213,0,0,16,0,1.0,0.0
60,ACH-000915,ZNHIT6,12,-0.5661112348979077,0.32,16,0.2461112348979077,0,0,16,0,1.0,0.12468412316956423
61,ACH-000541,PPP2R1A,15,-0.7806288599017575,0.3,15,0.48062885990175747,0,0,15,0,1.0,0.0
62,ACH-000541,KIF18A,1,-0.9781356037448176,0.27999999999999997,14,0.6981356037448176,0,0,14,0,1.0,0.0
63,ACH-000030,EIF1AX,4,-2.1443092456875847,0.16,8,1.9843092456875848,0,0,8,0,1.0,0.0
64,ACH-002142,SRSF2,5,-2.319153720515064,0.16,8,2.159153720515064,0,0,8,0,1.0,0.0
65,ACH-000581,UPF2,1,-1.5070602511137934,0.27999999999999997,14,1.2270602511137934,0,0,14,0,1.0,0.0
66,ACH-000664,MTOR,4,-1.1224042086527506,0.34,17,0.7824042086527505,0,1,16,0,1.0,0.0
67,ACH-000630,SF3B1,9,-1.653505515814791,0.16,8,1.4935055158147912,0,0,8,0,1.0,0.13983169438371346
68,ACH-000290,PPP2R1A,7,-1.0567223580533167,0.16,8,0.8967223580533167,0,0,8,0,1.0,0.0
69,ACH-000244,EIF2B3,4,-1.0826187556965463,0.16,8,0.9226187556965463,0,0,8,0,1.0,0.4170667619776194
70,ACH-002705,ERCC3,10,-0.9941247453811306,0.16,8,0.8341247453811306,0,0,8,0,1.0,0.1104130921818145
71,ACH-000627,CRNKL1,8,-1.887053914645609,0.16,8,1.727053914645609,0,0,8,0,1.0,0.0
72,ACH-001699,DIS3,0,-0.8484696759358984,0.32,16,0.5284696759358984,0,0,16,0,1.0,0.14136471974103437
73,ACH-000018,PCBP1,7,-1.1128961804699882,0.32,16,0.7928961804699881,0,0,16,0,1.0,0.4316275645976104
74,ACH-000128,RARS2,13,-0.8480263757760557,0.32,16,0.5280263757760557,0,0,16,0,1.0,0.0
75,ACH-000391,XPO1,15,-2.1431936986674085,0.3,15,1.8431936986674085,0,0,15,0,1.0,0.0
76,ACH-000581,SON,14,-1.1742886265177634,0.32,16,0.8542886265177634,0,0,16,0,1.0,0.0
77,ACH-000381,PCBP1,15,-1.9453172367653624,0.3,15,1.6453172367653623,0,0,15,0,1.0,0.0
78,ACH-000323,CNOT3,3,-1.127900538692534,0.19999999999999998,10,0.9279005386925341,0,0,10,0,1.0,0.0
79,ACH-001431,H3-3A,7,-1.8761008227514728,0.16,8,1.716100822751473,0,0,8,0,1.0,0.0
80,ACH-000172,PIK3CA,6,-0.552916610727439,0.5400000000000001,27,0.012916610727438882,0,11,16,0,1.0,0.0
81,ACH-000334,EIF2B3,11,-1.221313985194537,0.16,8,1.061313985194537,0,0,8,0,1.0,0.0
82,ACH-000637,RFC5,2,-1.3228217333796113,0.23999999999999996,12,1.0828217333796113,0,0,12,0,1.0,0.0
83,ACH-001699,TRAPPC8,6,-1.1642374419832195,0.32,16,0.8442374419832195,0,0,16,0,1.0,0.0
84,ACH-000202,RGP1,10,-0.5297067144130937,0.4000000000000001,20,0.12970671441309362,0,4,16,0,1.0,0.4183906899929223
85,ACH-001737,DHX15,13,-1.364271847635642,0.21999999999999997,11,1.144271847635642,0,0,11,0,1.0,0.0
86,ACH-000469,KIF18A,12,-1.815862000935063,0.18,9,1.635862000935063,0,0,9,0,1.0,0.0
87,ACH-000188,MTOR,4,-0.935436774685792,0.16,8,0.775436774685792,0,0,8,0,1.0,0.2750685437127768
88,ACH-000766,XPO1,7,-2.718445347265165,0.16,8,2.558445347265165,0,0,8,0,1.0,0.0
89,ACH-000188,NUP93,3,-1.583839550239516,0.19999999999999998,10,1.383839550239516,0,0,10,0,1.0,0.0
90,ACH-002400,ERCC2,9,-1.362424418856379,0.32,16,1.042424418856379,0,0,16,0,1.0,0.0
91,ACH-000030,WTAP,5,-0.3098933607459478,0.23999999999999996,12,0.06989336074594785,0,0,12,0,1.0,0.7443694073641753
92,ACH-001205,XPO1,7,-2.407398443438744,0.16,8,2.247398443438744,0,0,8,0,1.0,0.0
93,ACH-000961,SMC5,1,-0.8364779839093371,0.32,16,0.5164779839093372,0,0,16,0,1.0,0.02989096424399651
94,ACH-000403,MED12,2,-0.7516171978432444,0.32,16,0.4316171978432444,0,0,16,0,1.0,0.0
95,ACH-000381,NCAPD2,3,-1.2298681943853993,0.19999999999999998,10,1.0298681943853993,0,0,10,0,1.0,0.01096511692895108
96,ACH-000676,EIF2B3,5,-1.4657281077736102,0.16,8,1.3057281077736103,0,0,8,0,1.0,0.0
97,ACH-001038,NCAPD2,2,-1.5105234142713149,0.23999999999999996,12,1.2705234142713149,0,0,12,0,1.0,0.0
98,ACH-000961,DHX15,9,-1.3504002601545897,0.16,8,1.1904002601545898,0,0,8,0,1.0,0.0
99,ACH-001054,SON,2,-0.8184525253127403,0.23999999999999996,12,0.5784525253127403,0,0,12,0,1.0,0.0
100,ACH-000381,RFC5,5,-1.3096870223151686,0.16,8,1.1496870223151687,0,0,8,0,1.0,0.0
101,ACH-001303,MTOR,8,-0.675580290534627,0.16,8,0.515580290534627,0,0,8,0,1.0,0.33414089249727164
102,ACH-001528,XPO1,0,-2.018717148911429,0.32,16,1.698717148911429,0,0,16,0,1.0,0.0
103,ACH-000550,ERCC3,10,-1.133241320983323,0.16,8,0.9732413209833229,0,0,8,0,1.0,0.0
104,ACH-000391,DHX15,11,-1.1974874047851325,0.16,8,1.0374874047851326,0,0,8,0,1.0,0.0
105,ACH-000444,POLE,11,-1.3529790160306836,0.16,8,1.1929790160306837,0,0,8,0,1.0,0.0
106,ACH-000191,ZNF407,13,-0.6958175122935516,0.32,16,0.3758175122935516,0,0,16,0,1.0,0.1521067880034822
107,ACH-000766,STIL,9,-0.1852255876574578,0.32,16,-0.1347744123425422,0,0,16,0,1.0,0.7042095629007656
108,ACH-000148,DHPS,4,-0.8668816127202098,0.32,16,0.5468816127202099,0,0,16,0,1.0,0.0
109,ACH-000005,CTCF,8,-2.0529724980912167,0.16,8,1.8929724980912168,0,0,8,0,1.0,0.0
110,ACH-000959,SMC4,8,-1.9331370106992645,0.16,8,1.7731370106992645,0,0,8,0,1.0,0.0
111,ACH-003590,SON,14,-0.3815868384945261,0.32,16,0.06158683849452612,0,0,16,0,1.0,0.42635092962705756
112,ACH-001205,MED12,1,-0.5203130045873364,0.32,16,0.20031300458733642,0,0,16,0,1.0,0.11561046633683025
113,ACH-000290,H3-3A,4,-1.96625739722954,0.16,8,1.8062573972295402,0,0,8,0,1.0,0.0
114,ACH-000244,CNOT3,10,-1.5840810856142795,0.16,8,1.4240810856142796,0,0,8,0,1.0,0.0
115,ACH-000697,RARS2,11,-1.0180795361361437,0.32,16,0.6980795361361436,0,0,16,0,1.0,0.0
116,ACH-002693,PPP2R1A,1,-1.591461438076072,0.32,16,1.271461438076072,0,0,16,0,1.0,0.0
117,ACH-000146,PPP2R1A,1,-1.2609121342163976,0.27999999999999997,14,0.9809121342163976,0,0,14,0,1.0,0.2263499632977941
118,ACH-000697,ICE1,11,-0.8855984406764326,0.32,16,0.5655984406764325,0,0,16,0,1.0,0.21750311588035043
119,ACH-000541,WTAP,13,-0.8929179281952293,0.32,16,0.5729179281952292,0,0,16,0,1.0,0.03366146988745189
120,ACH-000435,PCBP1,7,-1.2144197430446797,0.16,8,1.0544197430446798,0,0,8,0,1.0,0.0
121,ACH-000444,NCAPD2,9,-0.9101675378565698,0.16,8,0.7501675378565698,0,0,8,0,1.0,0.0
122,ACH-000550,ACTB,6,-0.4093304546178296,0.19999999999999998,10,0.2093304546178296,0,0,10,0,1.0,0.46488483913483936
123,ACH-000202,DHX15,7,-1.5603753944787944,0.16,8,1.4003753944787944,0,0,8,0,1.0,0.0
124,ACH-000630,EIF1AX,12,-1.7184123899316928,0.18,9,1.5384123899316928,0,0,9,0,1.0,0.0
125,ACH-000435,CENPN,6,-1.3138085117378966,0.16,8,1.1538085117378967,0,0,8,0,1.0,0.0
126,ACH-001547,CDK4,14,-0.8052898946111552,0.32,16,0.4852898946111552,0,0,16,0,1.0,0.10574724058563545
127,ACH-000381,SON,1,-1.3178974419789236,0.32,16,0.9978974419789235,0,0,16,0,1.0,0.0
128,ACH-003590,KIF18A,4,-0.4572071597217676,0.16,8,0.2972071597217676,0,0,8,0,1.0,1.4824221829709767
129,ACH-000697,XPO1,9,-1.6673873371808343,0.32,16,1.3473873371808343,0,0,16,0,1.0,0.0
130,ACH-003590,ACTB,2,-0.624993842490314,0.32,16,0.30499384249031397,0,0,16,0,1.0,0.1829439256312697
131,ACH-001618,RAC1,7,-0.5196874153108226,0.32,16,0.19968741531082262,0,0,16,0,1.0,0.0
132,ACH-002291,EIF1AX,2,-1.409706001597285,0.23999999999999996,12,1.169706001597285,0,0,12,0,1.0,0.13243210658184146
133,ACH-000417,CENPN,6,-1.2824836897688998,0.16,8,1.1224836897689,0,0,8,0,1.0,0.0
134,ACH-000030,ERCC2,4,-1.1273249788982052,0.16,8,0.9673249788982051,0,0,8,0,1.0,0.0
135,ACH-000502,NCAPD2,4,-1.0243374170035542,0.16,8,0.8643374170035542,0,0,8,0,1.0,1.1027527219040867
136,ACH-001737,SF3B1,11,-0.7187099201397293,0.16,8,0.5587099201397293,0,0,8,0,1.0,0.0
137,ACH-000142,WTAP,11,-1.0638638336997115,0.34,17,0.7238638336997114,0,1,16,0,1.0,0.0
138,ACH-000142,PCBP1,15,-1.1112604220968678,0.3,15,0.8112604220968678,0,0,15,0,1.0,0.0
139,ACH-000663,MYC,5,-2.759575666560158,0.16,8,2.599575666560158,0,0,8,0,1.0,0.0
140,ACH-002693,TRRAP,12,-1.4066703765444402,0.18,9,1.2266703765444402,0,0,9,0,1.0,0.26732992998717875
141,ACH-000907,ZNF407,15,-0.8580242296585346,0.32,16,0.5380242296585347,0,0,16,0,1.0,0.0
142,ACH-000191,MTOR,1,-1.5200101364742378,0.3,15,1.2200101364742377,0,0,15,0,1.0,0.0
143,ACH-001205,KIF18A,6,-1.3110815341011517,0.16,8,1.1510815341011518,0,0,8,0,1.0,0.0
144,ACH-001054,DHPS,5,-1.0606998419172935,0.16,8,0.9006998419172935,0,0,8,0,1.0,0.6457240686593555
145,ACH-001054,MAX,7,-1.1230648489770083,0.3,15,0.8230648489770083,0,0,15,0,1.0,0.0
146,ACH-000290,CENPN,12,-2.055378645838476,0.18,9,1.8753786458384762,0,0,9,0,1.0,0.0
147,ACH-000637,KRAS,4,-0.4886298252399219,0.32,16,0.16862982523992187,0,0,16,0,1.0,0.2163431459760608
148,ACH-000223,PPP2R1A,6,-1.2776289107398469,0.16,8,1.117628910739847,0,0,8,0,1.0,0.9669145449714371
149,ACH-000202,XPO1,15,-2.4623882885323574,0.3,15,2.1623882885323575,0,0,15,0,1.0,0.0
150,ACH-000766,EIF2B3,15,-1.4415745007187497,0.32,16,1.1215745007187496,0,0,16,0,1.0,0.0
151,ACH-000018,CRNKL1,15,-1.3573837037877192,0.3,15,1.0573837037877192,0,0,15,0,1.0,0.0
152,ACH-000552,NUP93,8,-1.988610418135661,0.34,17,1.648610418135661,0,1,16,0,1.0,0.003266681648611325
153,ACH-001791,XPO1,14,-1.731651520438891,0.25999999999999995,13,1.471651520438891,0,0,13,0,1.0,0.0
154,ACH-000469,SMC4,9,-1.3708292784667455,0.16,8,1.2108292784667456,0,0,8,0,1.0,0.0
155,ACH-000469,CTCF,8,-2.08450226416171,0.16,8,1.92450226416171,0,0,8,0,1.0,0.0
156,ACH-000907,KMT2D,15,-0.7279692946491073,0.5600000000000002,28,0.16796929464910715,0,12,16,0,1.0,0.0
157,ACH-000290,TRRAP,0,-1.4776946644347249,0.32,16,1.1576946644347248,0,0,16,0,1.0,0.0
158,ACH-000959,XPO1,1,-1.6401295267301568,0.27999999999999997,14,1.3601295267301567,0,0,14,0,1.0,0.0
159,ACH-000403,CCND1,3,-2.4699660093226887,0.19999999999999998,10,2.2699660093226885,0,0,10,0,1.0,0.0
160,ACH-000142,EIF2B3,13,-1.241897786052116,0.21999999999999997,11,1.0218977860521161,0,0,11,0,1.0,0.0
161,ACH-000005,ICE1,15,-1.0828698518243396,0.32,16,0.7628698518243395,0,0,16,0,1.0,0.0
162,ACH-000391,PCBP1,12,-1.7174563987104494,0.18,9,1.5374563987104495,0,0,9,0,1.0,0.0
163,ACH-000961,NUP93,9,-1.1884718497052158,0.16,8,1.0284718497052159,0,0,8,0,1.0,0.0
164,ACH-001791,ACTB,15,-1.3760937816439247,0.3,15,1.0760937816439247,0,0,15,0,1.0,0.0
165,ACH-000390,NCAPD2,11,-0.8384761356812878,0.16,8,0.6784761356812877,0,0,8,0,1.0,0.08251745565145663
166,ACH-000907,H3-3A,5,-1.8302285329313743,0.16,8,1.6702285329313744,0,0,8,0,1.0,0.0
167,ACH-000478,UPF2,6,-1.166028748892864,0.16,8,1.006028748892864,0,0,8,0,1.0,0.0
168,ACH-000581,PCBP1,5,-2.2499284891836515,0.16,8,2.0899284891836514,0,0,8,0,1.0,0.0
169,ACH-000581,VHL,2,-0.8644318666771075,0.27999999999999997,14,0.5844318666771076,0,0,14,0,1.0,0.0
170,ACH-000627,EIF1AX,4,-1.4355083394998862,0.16,8,1.2755083394998863,0,0,8,0,1.0,0.0
171,ACH-003590,FH,14,-1.325625198587841,0.6200000000000002,31,0.7056251985878407,0,15,16,0,1.0,0.04585743042591628
172,ACH-000417,ERCC2,5,-0.8262062662983468,0.16,8,0.6662062662983468,0,0,8,0,1.0,0.8359095886985223
173,ACH-000390,CNOT3,13,-2.093369945836571,0.21999999999999997,11,1.873369945836571,0,0,11,0,1.0,0.0
174,ACH-002019,SRSF2,9,-2.353075517751252,0.16,8,2.193075517751252,0,0,8,0,1.0,0.0
175,ACH-003590,EEF1A1,11,-2.724452372795984,0.16,8,2.564452372795984,0,0,8,0,1.0,0.0
176,ACH-001303,KIF14,13,-0.7449197283293212,0.32,16,0.4249197283293212,0,0,16,0,1.0,0.32944876301460435
177,ACH-002693,PCBP1,4,-1.0777625975916714,0.16,8,0.9177625975916713,0,0,8,0,1.0,0.2546857675742211
178,ACH-000959,ERCC3,6,-1.0748707295552438,0.16,8,0.9148707295552437,0,0,8,0,1.0,0.0
179,ACH-000403,PCBP1,6,-1.5558466469233587,0.16,8,1.3958466469233588,0,0,8,0,1.0,0.5922545613868309
180,ACH-001054,SMARCB1,3,-0.8051013439719648,0.32,16,0.48510134397196475,0,0,16,0,1.0,0.31796350500504356
181,ACH-000663,CTCF,10,-1.4904973971951645,0.16,8,1.3304973971951646,0,0,8,0,1.0,0.0
182,ACH-000766,SON,5,-1.0561203469987368,0.16,8,0.8961203469987368,0,0,8,0,1.0,0.0
183,ACH-001303,ZNF407,5,-0.7818755650231843,0.32,16,0.46187556502318433,0,0,16,0,1.0,0.0
184,ACH-001303,NUP93,6,-1.0639610996716418,0.16,8,0.9039610996716417,0,0,8,0,1.0,0.0
185,ACH-000961,ACTB,9,-0.6052655879722274,0.32,16,0.2852655879722274,0,0,16,0,1.0,0.13664183862976864
186,ACH-002400,NCAPD2,6,-0.8349964852485954,0.16,8,0.6749964852485953,0,0,8,0,1.0,0.36728075834828466
187,ACH-001618,ZNHIT6,1,-0.5933930188417006,0.32,16,0.2733930188417006,0,0,16,0,1.0,0.21367124348917466
188,ACH-000356,H3-3A,5,-1.620465889852731,0.16,8,1.4604658898527312,0,0,8,0,1.0,0.0
189,ACH-000128,NCAPD2,13,-0.9519928862137184,0.21999999999999997,11,0.7319928862137184,0,0,11,0,1.0,0.249701329576127
190,ACH-000907,POLE,13,-1.8763408418349936,0.21999999999999997,11,1.6563408418349936,0,0,11,0,1.0,0.0
191,ACH-000663,XRCC5,15,-0.6614284621896582,0.32,16,0.3414284621896582,0,0,16,0,1.0,0.0
192,ACH-001211,DHX15,1,-1.3809214589653864,0.27999999999999997,14,1.1009214589653864,0,0,14,0,1.0,0.0
193,ACH-000627,CENPN,1,-1.5982953939314108,0.27999999999999997,14,1.3182953939314108,0,0,14,0,1.0,0.0
194,ACH-000978,MAX,7,-0.4634070439746457,0.34,17,0.12340704397464569,0,1,16,0,1.0,0.6453325315299904
195,ACH-000030,RFC5,5,-1.3671085668382634,0.16,8,1.2071085668382635,0,0,8,0,1.0,0.0
196,ACH-000323,PPP2R1A,0,-0.898039718989138,0.32,16,0.578039718989138,0,0,16,0,1.0,0.0
197,ACH-000718,SON,3,-1.0569710340092704,0.19999999999999998,10,0.8569710340092704,0,0,10,0,1.0,0.0
198,ACH-000191,ERCC3,9,-0.8501639389452178,0.32,16,0.5301639389452177,0,0,16,0,1.0,0.42910946014115625
199,ACH-000146,VHL,13,-0.7129209945385427,0.32,16,0.39292099453854273,0,0,16,0,1.0,0.0
200,ACH-000018,CNOT3,9,-1.23862475628707,0.16,8,1.07862475628707,0,0,8,0,1.0,0.0
201,ACH-000391,XRCC5,4,-1.0061926959527208,0.16,8,0.8461926959527207,0,0,8,0,1.0,0.0
202,ACH-002705,SMC4,0,-1.090581893587797,0.32,16,0.7705818935877968,0,0,16,0,1.0,0.0
203,ACH-000753,SRSF2,11,-2.622386782842411,0.16,8,2.462386782842411,0,0,8,0,1.0,0.0
204,ACH-000627,SMARCB1,15,-1.0601014150921129,0.32,16,0.7401014150921128,0,0,16,0,1.0,0.0
205,ACH-002705,EIF2B3,6,-2.019464075578163,0.16,8,1.859464075578163,0,0,8,0,1.0,0.0
206,ACH-000391,MED12,12,-0.7786423925269963,0.32,16,0.4586423925269963,0,0,16,0,1.0,0.0
207,ACH-000323,ACTB,1,-1.3532125488246594,0.27999999999999997,14,1.0732125488246593,0,0,14,0,1.0,0.8390125413554268
208,ACH-000172,XPO1,12,-2.535784627114957,0.18,9,2.3557846271149567,0,0,9,0,1.0,0.0
209,ACH-000637,PCBP1,11,-1.7660333922038238,0.16,8,1.606033392203824,0,0,8,0,1.0,0.0
210,ACH-002400,BRD4,13,-0.9067531429153438,0.3,15,0.6067531429153439,0,0,15,0,1.0,0.0
211,ACH-000009,SF3B1,6,-1.055715261881868,0.16,8,0.8957152618818679,0,0,8,0,1.0,0.0
212,ACH-002693,BRCA1,10,-0.5292292464401429,0.32,16,0.2092292464401429,0,0,16,0,1.0,0.33649754044427516
213,ACH-000011,XPO1,14,-2.157182691812297,0.25999999999999995,13,1.897182691812297,0,0,13,0,1.0,0.0
214,ACH-000552,KIF18A,11,-3.3760423938541426,0.16,8,3.2160423938541425,0,0,8,0,1.0,0.0
215,ACH-001054,MED12,1,-0.990729592193316,0.32,16,0.6707295921933161,0,0,16,0,1.0,0.0
216,ACH-000541,XPO1,3,-2.401581211040266,0.19999999999999998,10,2.2015812110402657,0,0,10,0,1.0,0.0
217,ACH-002019,MYC,5,-1.6112932046635795,0.16,8,1.4512932046635796,0,0,8,0,1.0,0.0
218,ACH-000959,CNOT3,4,-1.4457334899455514,0.16,8,1.2857334899455515,0,0,8,0,1.0,0.0
219,ACH-001211,SMC4,9,-1.880001039496648,0.34,17,1.540001039496648,0,1,16,0,1.0,0.0
220,ACH-001791,NCAPD2,6,-1.2249079791554405,0.16,8,1.0649079791554406,0,0,8,0,1.0,0.5310291572638339
221,ACH-001307,CHD4,6,-1.8947691351161864,0.16,8,1.7347691351161865,0,0,8,0,1.0,0.0
222,ACH-000011,ERCC3,0,-1.1944846934684392,0.32,16,0.8744846934684392,0,0,16,0,1.0,0.0
223,ACH-000469,MYC,9,-1.704167309567036,0.32,16,1.384167309567036,0,0,16,0,1.0,0.0
224,ACH-001038,CTCF,7,-2.001602431485085,0.16,8,1.8416024314850852,0,0,8,0,1.0,0.0
225,ACH-000845,ZNF407,10,-0.6422668435597952,0.32,16,0.32226684355979524,0,0,16,0,1.0,0.25592660332277617
226,ACH-001205,MYH9,6,-0.1129081994379621,0.5800000000000002,29,-0.4670918005620381,0,13,16,0,1.0,0.9455854312840322
227,ACH-000302,CHD4,10,-0.8996935073210894,0.16,8,0.7396935073210894,0,0,8,0,1.0,0.00905521455498215
228,ACH-002291,DICER1,14,-0.7605015325277744,0.4000000000000001,20,0.36050153252777434,0,4,16,0,1.0,0.017416654509232243
229,ACH-000753,CCND1,4,-0.2312638483291449,0.16,8,0.0712638483291449,0,0,8,0,1.0,1.4327585662671285
230,ACH-000478,MYC,8,-1.2998424309494756,0.4200000000000001,21,0.8798424309494755,0,5,16,0,1.0,0.29082811338475856
231,ACH-001990,SMG8,13,-0.2706665463116333,0.5600000000000002,28,-0.2893334536883669,0,12,16,0,1.0,1.0890168847214936
232,ACH-002693,PCBP1,10,-1.0777625975916714,0.32,16,0.7577625975916713,0,0,16,0,1.0,0.04753440198309744
233,ACH-000753,CHD4,11,-1.3749429518812613,0.16,8,1.2149429518812613,0,0,8,0,1.0,0.0
234,ACH-002055,ACTB,2,-1.5934967792084895,0.32,16,1.2734967792084895,0,0,16,0,1.0,0.0
235,ACH-000018,CCND1,9,-1.255573203088613,0.16,8,1.0955732030886132,0,0,8,0,1.0,0.0
236,ACH-000371,EIF1AX,0,-0.5198892420543841,0.32,16,0.19988924205438413,0,0,16,0,1.0,0.11366854417883432
237,ACH-000172,MTOR,1,-0.8023184532404959,0.27999999999999997,14,0.5223184532404959,0,0,14,0,1.0,0.0
238,ACH-000766,NCAPD2,9,-1.3238624859228776,0.16,8,1.1638624859228777,0,0,8,0,1.0,0.008134595367322639
239,ACH-000381,TRAPPC8,10,-0.9244750217013552,0.16,8,0.7644750217013552,0,0,8,0,1.0,0.0
240,ACH-001205,ERCC2,9,-1.50884884245102,0.16,8,1.34884884245102,0,0,8,0,1.0,0.0
241,ACH-000272,CRNKL1,7,-1.372718736269727,0.16,8,1.2127187362697271,0,0,8,0,1.0,0.0
242,ACH-001737,CTCF,7,-1.9413137095522748,0.16,8,1.7813137095522749,0,0,8,0,1.0,0.0
243,ACH-000637,SMC4,4,-1.4764722967907464,0.16,8,1.3164722967907465,0,0,8,0,1.0,0.0
244,ACH-002019,ZNF407,8,-0.8023382935235756,0.32,16,0.48233829352357555,0,0,16,0,1.0,0.21199744990919733
245,ACH-000627,ERCC2,12,-1.1064423954366658,0.18,9,0.9264423954366658,0,0,9,0,1.0,0.0
246,ACH-000018,NUP93,10,-1.9113375253043032,0.16,8,1.7513375253043033,0,0,8,0,1.0,0.0
247,ACH-002291,XRCC5,6,-0.8404374449262471,0.32,16,0.520437444926247,0,0,16,0,1.0,0.39361597763894274
248,ACH-000290,CENPN,5,-2.055378645838476,0.16,8,1.8953786458384763,0,0,8,0,1.0,0.0
249,ACH-000907,UPF2,5,-1.2691138054041702,0.16,8,1.1091138054041703,0,0,8,0,1.0,0.0
250,ACH-000244,CCND1,0,-2.466218780163609,0.32,16,2.146218780163609,0,0,16,0,1.0,0.0
251,ACH-000422,SRSF2,7,-2.2594847232938364,0.16,8,2.0994847232938363,0,0,7,1,1.0,0.0
252,ACH-000953,ERCC2,7,-0.7880893447751918,0.32,16,0.46808934477519176,0,0,16,0,1.0,0.2670049266092658
253,ACH-000030,BARD1,7,-0.5562189887002027,0.32,16,0.2362189887002027,0,0,16,0,1.0,0.33770912649886053
254,ACH-000581,PTPN11,10,-1.3177122168386368,0.32,16,0.9977122168386368,0,0,16,0,1.0,0.0
255,ACH-000390,TRRAP,15,-1.5362260420825575,0.3,15,1.2362260420825575,0,0,15,0,1.0,0.0
256,ACH-000676,SRSF2,15,-3.059596333423527,0.3,15,2.759596333423527,0,0,15,0,1.0,0.0
257,ACH-000009,CNOT3,4,-1.6626042871360098,0.36000000000000004,18,1.3026042871360097,0,2,16,0,1.0,0.0
258,ACH-001990,CRNKL1,14,-1.5469260311728112,0.25999999999999995,13,1.2869260311728112,0,0,13,0,1.0,0.0
259,ACH-000978,TRRAP,4,-1.847826594010322,0.16,8,1.687826594010322,0,0,8,0,1.0,0.0
260,ACH-000697,UPF2,10,-1.229617167154594,0.16,8,1.069617167154594,0,0,8,0,1.0,0.0
261,ACH-000469,CNOT3,11,-2.1772186040134383,0.16,8,2.017218604013438,0,0,8,0,1.0,0.0
262,ACH-000356,TRAPPC8,9,-1.563860960484176,0.32,16,1.243860960484176,0,0,16,0,1.0,0.0
263,ACH-000128,DHX15,7,-1.266866410701883,0.16,8,1.106866410701883,0,0,8,0,1.0,0.0
264,ACH-000376,XRCC5,4,-0.7582121656164188,0.16,8,0.5982121656164188,0,0,8,0,1.0,0.04899480444558546
265,ACH-001791,TRRAP,0,-1.4265276634465414,0.32,16,1.1065276634465413,0,0,16,0,1.0,0.0
266,ACH-000435,MTOR,11,-1.6035750567500564,0.16,8,1.4435750567500565,0,0,8,0,1.0,0.0
267,ACH-003590,BRD4,1,-1.1855283215059078,0.32,16,0.8655283215059077,0,0,16,0,1.0,0.0
268,ACH-000859,RAC1,6,-1.0335510545448623,0.32,16,0.7135510545448622,0,0,16,0,1.0,0.0
269,ACH-001618,BRD4,1,-0.8486162521206322,0.27999999999999997,14,0.5686162521206322,0,0,14,0,1.0,0.011981518661522528
270,ACH-001211,RAC1,10,-0.8273290011729605,0.32,16,0.5073290011729605,0,0,16,0,1.0,0.18588441197235517
271,ACH-000302,CNOT9,0,-0.7820142626223197,0.36000000000000004,18,0.4220142626223196,0,2,16,0,1.0,0.0
272,ACH-002142,SRSF2,15,-2.319153720515064,0.3,15,2.0191537205150643,0,0,15,0,1.0,0.0
273,ACH-000907,EIF2B3,3,-1.5690722737907294,0.32,16,1.2490722737907294,0,0,16,0,1.0,0.0
274,ACH-000961,SON,2,-0.6899590556402246,0.32,16,0.36995905564022463,0,0,16,0,1.0,0.17618270227426835
275,ACH-000550,MYC,4,-1.7913945144259644,0.16,8,1.6313945144259645,0,0,8,0,1.0,0.0
276,ACH-001054,SETD2,11,-0.2402057922171213,0.4400000000000001,22,-0.19979420778287882,0,6,16,0,1.0,0.37527532013548043
277,ACH-000191,DHX15,11,-1.3966815229867822,0.16,8,1.2366815229867822,0,0,8,0,1.0,0.0
278,ACH-002019,PTPN11,0,-1.2313976273812193,0.32,16,0.9113976273812192,0,0,16,0,1.0,0.0
279,ACH-002043,SMARCB1,2,-0.7603505962053315,0.32,16,0.4403505962053315,0,0,16,0,1.0,0.6057411683932229
280,ACH-001699,MTOR,5,-1.1981858680989297,0.16,8,1.0381858680989298,0,0,8,0,1.0,0.0
281,ACH-000664,SMC4,4,-1.069501289908927,0.16,8,0.9095012899089269,0,0,8,0,1.0,0.0
282,ACH-001618,DHPS,5,-0.7050828462996653,0.25999999999999995,13,0.4450828462996654,0,0,13,0,1.0,0.11384912535894565
283,ACH-001205,NDUFS1,13,-0.5726587414853337,0.36000000000000004,18,0.21265874148533365,0,2,16,0,1.0,0.03185829267650797
284,ACH-000302,TACC3,4,-0.7175311287630095,0.36000000000000004,18,0.35753112876300946,0,2,16,0,1.0,0.058798743858601954
285,ACH-000630,MTOR,5,-1.7933372101985046,0.16,8,1.6333372101985046,0,0,8,0,1.0,0.0
286,ACH-000422,CTCF,8,-1.1390800454779453,0.16,8,0.9790800454779452,0,0,8,0,1.0,0.0
287,ACH-000753,CNOT3,0,-1.354825413594941,0.32,16,1.0348254135949408,0,0,16,0,1.0,0.0
288,ACH-000223,SMC4,10,-1.256638579542052,0.16,8,1.0966385795420521,0,0,8,0,1.0,0.0
289,ACH-001307,KIF18A,10,-0.927027572618546,0.16,8,0.7670275726185459,0,0,8,0,1.0,0.0
290,ACH-000550,ZNF407,10,-0.6176642884946315,0.32,16,0.2976642884946315,0,0,16,0,1.0,0.0
291,ACH-001211,ERCC3,3,-1.17220904254185,0.19999999999999998,10,0.9722090425418501,0,0,10,0,1.0,0.0
292,ACH-002019,TRAPPC8,7,-1.615866038522634,0.16,8,1.455866038522634,0,0,8,0,1.0,0.0
293,ACH-000978,MTOR,9,-1.542688867535435,0.16,8,1.3826888675354352,0,0,8,0,1.0,0.0
294,ACH-001431,CCND1,11,-2.4711001420007466,0.16,8,2.3111001420007464,0,0,8,0,1.0,0.0
295,ACH-001038,CNOT3,12,-1.3268202617428937,0.18,9,1.1468202617428938,0,0,9,0,1.0,0.0
296,ACH-000502,KIF18A,3,-2.127090138907641,0.19999999999999998,10,1.927090138907641,0,0,10,0,1.0,0.0
297,ACH-000859,SON,14,-1.118982381019714,0.25999999999999995,13,0.8589823810197139,0,0,13,0,1.0,0.0
298,ACH-000676,CNOT3,12,-1.5407678769382538,0.18,9,1.3607678769382539,0,0,9,0,1.0,0.0
299,ACH-000334,CNOT1,9,-0.5263504862975193,0.32,16,0.20635048629751934,0,0,16,0,1.0,0.022866424985546918
300,ACH-000290,BMPR1A,11,-0.8569196091599405,0.6200000000000002,31,0.23691960915994026,0,15,16,0,1.0,0.0
301,ACH-000907,XPO1,0,-2.440492335859477,0.32,16,2.120492335859477,0,0,16,0,1.0,0.0
302,ACH-000172,NUP93,9,-2.1105013230015954,0.16,8,1.9505013230015955,0,0,8,0,1.0,0.0
303,ACH-000009,ACTB,3,-1.614422132552867,0.32,16,1.2944221325528669,0,0,16,0,1.0,0.0
304,ACH-000223,RFC5,9,-1.4163512640238307,0.16,8,1.2563512640238308,0,0,8,0,1.0,0.0
305,ACH-000469,MTOR,7,-0.8856673786981814,0.16,8,0.7256673786981813,0,0,8,0,1.0,1.0741467956524153
306,ACH-003590,CCND3,15,-1.0910746944193848,0.32,16,0.7710746944193847,0,0,16,0,1.0,0.5778936869556535
307,ACH-000128,SF3B1,5,-1.1186557611944836,0.16,8,0.9586557611944836,0,0,8,0,1.0,0.0
308,ACH-000244,PTPN11,11,-1.4996855176741657,0.32,16,1.1796855176741656,0,0,16,0,1.0,0.0
309,ACH-000541,CCND1,10,-0.5497734068471652,0.32,16,0.22977340684716524,0,0,16,0,1.0,0.001280286787460727
310,ACH-002705,KRAS,15,-0.8988283422520509,0.3,15,0.5988283422520508,0,0,15,0,1.0,0.0
311,ACH-000202,SMC5,11,-1.020935651426146,0.32,16,0.700935651426146,0,0,16,0,1.0,0.0
312,ACH-000637,POLE,13,-1.5224316606791557,0.21999999999999997,11,1.3024316606791557,0,0,11,0,1.0,0.0
313,ACH-000223,CENPN,9,-1.4703349274638204,0.4200000000000001,21,1.0503349274638203,0,5,16,0,1.0,0.3994796715472695
314,ACH-000148,BAP1,8,-0.602985711338524,0.34,17,0.26298571133852394,0,1,16,0,1.0,0.0
315,ACH-000541,ARID2,3,-0.9427868307280024,0.38000000000000006,19,0.5627868307280024,0,3,16,0,1.0,0.0
316,ACH-002142,DIS3,1,-0.6575383990881826,0.32,16,0.33753839908818256,0,0,16,0,1.0,0.03961856885965931
317,ACH-000907,CHD4,15,-1.24410835334737,0.32,16,0.92410835334737,0,0,16,0,1.0,0.0
318,ACH-000403,SMC4,8,-1.1981044601744033,0.16,8,1.0381044601744034,0,0,8,0,1.0,0.0
319,ACH-001038,MYC,1,-2.5419039821150435,0.27999999999999997,14,2.2619039821150437,0,0,14,0,1.0,0.0
320,ACH-000552,CHD4,12,-1.8882197573101007,0.32,16,1.5682197573101007,0,0,16,0,1.0,0.0
321,ACH-001702,PCBP1,7,-1.3260784945729087,0.16,8,1.1660784945729088,0,0,8,0,1.0,0.0
322,ACH-001205,XPO1,13,-2.407398443438744,0.21999999999999997,11,2.1873984434387443,0,0,11,0,1.0,0.0
323,ACH-000146,ACTB,6,-1.6703746887703157,0.32,16,1.3503746887703156,0,0,16,0,1.0,0.0
324,ACH-002400,CHD4,15,-1.1249008622581906,0.3,15,0.8249008622581906,0,0,15,0,1.0,0.0
325,ACH-001699,CHD4,2,-0.9520272559372712,0.23999999999999996,12,0.7120272559372712,0,0,12,0,1.0,0.0
326,ACH-002055,BRCA2,15,-0.3205462460152229,0.34,17,-0.01945375398477711,0,1,16,0,1.0,0.691030326699569
327,ACH-000302,XPO1,5,-2.421175567123929,0.16,8,2.261175567123929,0,0,8,0,1.0,0.0
328,ACH-000630,EIF2B3,3,-1.821235158231485,0.19999999999999998,10,1.621235158231485,0,0,10,0,1.0,0.6108778607803642
329,ACH-001431,RICTOR,5,-0.592385367542302,0.34,17,0.25238536754230195,0,1,16,0,1.0,0.0
330,ACH-000128,CRNKL1,10,-1.6834156250758887,0.16,8,1.5234156250758888,0,0,8,0,1.0,0.0
331,ACH-000188,ERCC2,6,-1.5416452695203708,0.16,8,1.381645269520371,0,0,8,0,1.0,0.0
332,ACH-002400,VHL,12,-0.6230783405892883,0.32,16,0.30307834058928834,0,0,16,0,1.0,0.5970943398294737
333,ACH-000191,VHL,10,-0.946293224656484,0.32,16,0.6262932246564841,0,0,16,0,1.0,0.0
334,ACH-000371,SON,1,-1.2570513243849812,0.32,16,0.9370513243849812,0,0,16,0,1.0,0.0
335,ACH-000663,TRRAP,13,-1.397728019728214,0.21999999999999997,11,1.177728019728214,0,0,11,0,1.0,0.0
336,ACH-000552,CNOT3,2,-1.667070923578855,0.23999999999999996,12,1.427070923578855,0,0,12,0,1.0,0.0
337,ACH-001528,DHX15,10,-1.4627475284546836,0.16,8,1.3027475284546837,0,0,8,0,1.0,0.0
338,ACH-000391,OXA1L,4,-0.6987808123764767,0.32,16,0.3787808123764767,0,0,16,0,1.0,0.0
339,ACH-001737,MAX,11,-1.2228439058316187,0.32,16,0.9028439058316187,0,0,16,0,1.0,0.0
340,ACH-000146,CNOT3,15,-2.0548312020841286,0.3,15,1.7548312020841286,0,0,15,0,1.0,0.0
341,ACH-001502,KIF18A,5,-1.618802021524259,0.16,8,1.458802021524259,0,0,8,0,1.0,0.0
342,ACH-000444,MTOR,13,-1.6440050261881856,0.21999999999999997,11,1.4240050261881856,0,0,11,0,1.0,0.0
343,ACH-001038,ZNF407,1,-1.045255806081216,0.32,16,0.725255806081216,0,0,16,0,1.0,0.0
344,ACH-000753,TRRAP,8,-2.036753697588105,0.16,8,1.8767536975881052,0,0,8,0,1.0,0.0
345,ACH-001038,CDK4,5,-2.687021124460565,0.32,16,2.3670211244605652,0,0,16,0,1.0,0.0
346,ACH-002693,PTPN11,1,-0.9148109455667608,0.32,16,0.5948109455667607,0,0,16,0,1.0,0.0
347,ACH-000417,NUP93,9,-1.6587565540752267,0.16,8,1.4987565540752268,0,0,8,0,1.0,0.0
348,ACH-000030,DHPS,3,-1.150644523444345,0.19999999999999998,10,0.950644523444345,0,0,10,0,1.0,0.0
349,ACH-000444,SRSF2,7,-3.5241465445728783,0.16,8,3.364146544572878,0,0,7,1,1.0,0.0
350,ACH-000502,VHL,15,-1.138423730750315,0.32,16,0.818423730750315,0,0,16,0,1.0,0.0
351,ACH-001737,RARS2,12,0.5486840891573597,0.32,16,-0.8686840891573597,0,0,16,0,1.0,1.282860466614702
352,ACH-000011,XPO1,1,-2.157182691812297,0.27999999999999997,14,1.877182691812297,0,0,14,0,1.0,0.0
353,ACH-000142,CTCF,3,-1.0504337371189174,0.19999999999999998,10,0.8504337371189175,0,0,10,0,1.0,0.0
354,ACH-000953,NCAPD2,3,-1.0773208738643325,0.27999999999999997,14,0.7973208738643325,0,0,14,0,1.0,0.0
355,ACH-000144,SRSF2,1,-2.649324904871799,0.27999999999999997,14,2.369324904871799,0,0,14,0,1.0,0.0
356,ACH-002043,POLE,7,-1.862877089141572,0.16,8,1.702877089141572,0,0,8,0,1.0,0.0
357,ACH-000191,TRRAP,13,-2.1937241597929,0.21999999999999997,11,1.9737241597928998,0,0,11,0,1.0,0.0
358,ACH-000630,TRRAP,6,-1.6714146176544171,0.16,8,1.5114146176544172,0,0,8,0,1.0,0.0
359,ACH-000144,RFC5,3,-0.8734147782271302,0.19999999999999998,10,0.6734147782271303,0,0,10,0,1.0,0.07702858021799563
360,ACH-001205,TRRAP,11,-1.7638504357100802,0.32,16,1.44385043571008,0,0,16,0,1.0,0.0
361,ACH-000011,EIF2B3,13,-1.5605418866835776,0.21999999999999997,11,1.3405418866835777,0,0,11,0,1.0,0.0
362,ACH-000376,H3-3A,9,-0.9315790752634212,0.16,8,0.7715790752634212,0,0,8,0,1.0,0.0
363,ACH-000502,PPP2R1A,4,-1.3454691155519394,0.16,8,1.1854691155519395,0,0,8,0,1.0,0.0
364,ACH-000845,MYH9,2,-0.5257972349571396,0.32,16,0.20579723495713959,0,0,16,0,1.0,0.011680729669339529
365,ACH-002291,DIS3,9,-0.6683102447972783,0.36000000000000004,18,0.30831024479727825,0,2,16,0,1.0,0.49113399088865195
366,ACH-000697,SMC4,10,-1.4503283053147895,0.4200000000000001,21,1.0303283053147894,0,5,16,0,1.0,0.0
367,ACH-000478,KIF18A,1,-1.4001972985689155,0.27999999999999997,14,1.1201972985689155,0,0,14,0,1.0,0.0
368,ACH-001990,TRRAP,6,-1.3757001150634385,0.16,8,1.2157001150634386,0,0,8,0,1.0,0.0
369,ACH-002043,TACC3,11,-0.7769149590359027,0.32,16,0.4569149590359027,0,0,16,0,1.0,0.0
370,ACH-001205,CHD4,0,-0.972324423402852,0.32,16,0.652324423402852,0,0,16,0,1.0,0.0
371,ACH-000142,MYC,6,-2.5877635719597425,0.16,8,2.4277635719597424,0,0,8,0,1.0,0.0
372,ACH-001990,TRRAP,13,-1.3757001150634385,0.21999999999999997,11,1.1557001150634385,0,0,11,0,1.0,0.0
373,ACH-000697,XPO1,11,-1.6673873371808343,0.16,8,1.5073873371808344,0,0,8,0,1.0,0.0
374,ACH-000444,EIF1AX,2,-2.354845382639139,0.23999999999999996,12,2.1148453826391393,0,0,12,0,1.0,0.0
375,ACH-000478,H3-3A,10,-1.796293839012677,0.16,8,1.636293839012677,0,0,8,0,1.0,0.0
376,ACH-000172,SRSF2,2,-2.6619031792647445,0.23999999999999996,12,2.4219031792647447,0,0,12,0,1.0,0.0
377,ACH-000550,CENPN,9,-1.1293171524185677,0.16,8,0.9693171524185676,0,0,8,0,1.0,0.0
378,ACH-001211,KRAS,5,-0.5648395910635365,0.27999999999999997,14,0.28483959106353657,0,0,14,0,1.0,0.04593557598194964
379,ACH-000144,MTOR,11,-1.3622163200557744,0.16,8,1.2022163200557745,0,0,8,0,1.0,0.0
380,ACH-000435,CHD4,7,-0.8909787367541944,0.16,8,0.7309787367541943,0,0,8,0,1.0,0.026072396795295605
381,ACH-000766,NCAPD2,8,-1.3238624859228776,0.16,8,1.1638624859228777,0,0,8,0,1.0,0.0
382,ACH-001303,NCAPD2,5,-0.9406250929486548,0.16,8,0.7806250929486548,0,0,8,0,1.0,0.0
383,ACH-000302,CHD4,2,-0.8996935073210894,0.23999999999999996,12,0.6596935073210894,0,0,12,0,1.0,0.0
384,ACH-000469,DHX15,11,-1.5446560441003605,0.16,8,1.3846560441003606,0,0,8,0,1.0,0.0
385,ACH-000663,KIF18A,11,-0.7112597767699298,0.16,8,0.5512597767699298,0,0,8,0,1.0,0.0
386,ACH-001307,SF3B1,4,-1.7916858489481542,0.6200000000000002,31,1.171685848948154,0,15,16,0,1.0,0.0
387,ACH-000502,ERCC3,11,-1.0699528030155303,0.16,8,0.9099528030155303,0,0,8,0,1.0,0.11249611970789442
388,ACH-000655,XRCC5,2,-1.2313597235540008,0.23999999999999996,12,0.9913597235540008,0,0,12,0,1.0,0.0
389,ACH-000123,GIGYF2,13,-0.5353623271393688,0.6400000000000002,32,-0.10463767286063141,0,16,16,0,1.0,0.04543140804906132
390,ACH-000541,SF3B1,9,-0.6682626646894673,0.16,8,0.5082626646894672,0,0,8,0,1.0,0.42601709862072557
391,ACH-000663,PIK3CA,2,-0.3300945871252385,0.32,16,0.010094587125238474,0,0,16,0,1.0,0.35443918278843306
392,ACH-000144,CTCF,13,-1.895149284336,0.21999999999999997,11,1.675149284336,0,0,11,0,1.0,0.0
393,ACH-001307,H3-3A,2,-1.1690368672527214,0.23999999999999996,12,0.9290368672527214,0,0,12,0,1.0,0.23384612105680525
394,ACH-000030,UPF2,1,-1.409607233133021,0.27999999999999997,14,1.129607233133021,0,0,14,0,1.0,0.0
395,ACH-000697,XPO1,2,-1.6673873371808343,0.23999999999999996,12,1.4273873371808343,0,0,12,0,1.0,0.0
396,ACH-000655,OXA1L,3,-0.9330412773991744,0.32,16,0.6130412773991745,0,0,16,0,1.0,0.0
397,ACH-000581,KIF18A,10,-1.7090369441287143,0.16,8,1.5490369441287144,0,0,8,0,1.0,0.0
398,ACH-000403,CTCF,10,-1.646819720242955,0.16,8,1.4868197202429552,0,0,8,0,1.0,0.0
399,ACH-000478,ERCC2,10,-0.6465724728212822,0.16,8,0.48657247282128213,0,0,8,0,1.0,0.27201160711265304
400,ACH-002693,NCAPD2,4,-1.0513938895332429,0.16,8,0.8913938895332428,0,0,8,0,1.0,0.0
401,ACH-000422,NUP93,4,-2.266616341064266,0.16,8,2.106616341064266,0,0,8,0,1.0,0.0
402,ACH-000223,H3-3A,9,-2.2557507781121835,0.16,8,2.0957507781121834,0,0,8,0,1.0,0.0
403,ACH-000961,PPP2R1A,0,-1.5431502034141018,0.32,16,1.2231502034141017,0,0,16,0,1.0,0.0
404,ACH-000005,MYC,8,-2.5642218186376686,0.16,8,2.4042218186376685,0,0,8,0,1.0,0.0
405,ACH-000552,ACTB,0,-0.6741882291512973,0.32,16,0.3541882291512973,0,0,16,0,1.0,0.31127865000115273
406,ACH-001737,SF3B1,12,-0.7187099201397293,0.18,9,0.5387099201397294,0,0,9,0,1.0,0.3344633044754328
407,ACH-000148,ERCC2,15,-0.944590332928791,0.32,16,0.624590332928791,0,0,16,0,1.0,0.0
408,ACH-000005,DIS3,10,-0.9530770090055544,0.32,16,0.6330770090055544,0,0,16,0,1.0,0.0
409,ACH-002043,PCBP1,5,-1.1997364353916171,0.16,8,1.0397364353916172,0,0,8,0,1.0,0.0
410,ACH-000845,UPF2,1,-0.8922173311760593,0.27999999999999997,14,0.6122173311760593,0,0,14,0,1.0,0.0
411,ACH-000191,TRRAP,15,-2.1937241597929,0.32,16,1.8737241597928997,0,0,16,0,1.0,0.0
412,ACH-000376,TRAPPC8,3,-1.6118454091235512,0.19999999999999998,10,1.4118454091235513,0,0,10,0,1.0,0.0
413,ACH-001307,CRNKL1,7,-1.5235490065269042,0.5200000000000001,26,1.003549006526904,0,10,16,0,1.0,0.0
414,ACH-000961,MYC,0,-1.3782879047956555,0.32,16,1.0582879047956555,0,0,16,0,1.0,0.0
415,ACH-000478,PCBP1,3,-2.0703978625947954,0.19999999999999998,10,1.8703978625947955,0,0,10,0,1.0,0.0
416,ACH-000356,EIF2B3,11,-1.626605514257064,0.16,8,1.466605514257064,0,0,8,0,1.0,0.0
417,ACH-002705,POLE,9,-1.5686612526663353,0.16,8,1.4086612526663354,0,0,8,0,1.0,0.0
418,ACH-000915,PPP2R1A,9,-1.7356782634207226,0.16,8,1.5756782634207227,0,0,8,0,1.0,0.0
419,ACH-000403,DHX15,5,-1.288665081221548,0.16,8,1.1286650812215482,0,0,8,0,1.0,0.0
420,ACH-000123,RAC1,0,-0.6659824037031954,0.32,16,0.3459824037031954,0,0,16,0,1.0,0.0
421,ACH-000630,KIF18A,5,-1.2620155656620788,0.16,8,1.102015565662079,0,0,8,0,1.0,0.0
422,ACH-000290,KIF18A,7,-0.9915445417629812,0.32,16,0.6715445417629813,0,0,16,0,1.0,1.0529766569824535
423,ACH-000915,DICER1,12,-0.7607768348204067,0.32,16,0.4407768348204067,0,0,16,0,1.0,0.7474070650841085
424,ACH-000390,SON,10,-0.7197441403167204,0.16,8,0.5597441403167204,0,0,8,0,1.0,0.0
425,ACH-001211,CRNKL1,2,-1.270860792213781,0.23999999999999996,12,1.030860792213781,0,0,12,0,1.0,0.0
426,ACH-000244,BAP1,11,-1.1763938042629518,0.32,16,0.8563938042629518,0,0,16,0,1.0,0.0
427,ACH-000978,TRRAP,15,-1.847826594010322,0.3,15,1.547826594010322,0,0,15,0,1.0,0.0
428,ACH-000663,CCND1,7,-3.103560638796876,0.16,8,2.943560638796876,0,0,8,0,1.0,0.0
429,ACH-000334,SMC4,6,-0.6457360141696687,0.16,8,0.4857360141696687,0,0,8,0,1.0,0.0
430,ACH-000845,XRCC5,0,-0.7248479296200407,0.32,16,0.40484792962004074,0,0,16,0,1.0,0.15999761478332053
431,ACH-002142,CNOT3,11,-1.4670365584860336,0.16,8,1.3070365584860337,0,0,8,0,1.0,0.0
432,ACH-000978,TRAPPC8,8,-1.5037952065962528,0.16,8,1.3437952065962528,0,0,8,0,1.0,0.0
433,ACH-001307,TRAPPC8,15,-1.3089310433622212,0.3,15,1.0089310433622212,0,0,15,0,1.0,0.0
434,ACH-000753,CCND1,7,-0.2312638483291449,0.16,8,0.0712638483291449,0,0,8,0,1.0,1.1106523503620507
435,ACH-000478,RICTOR,13,-0.7215064771589351,0.4400000000000001,22,0.281506477158935,0,6,16,0,1.0,0.0
436,ACH-002705,VHL,15,-1.1865831608370572,0.3,15,0.8865831608370571,0,0,15,0,1.0,0.0
437,ACH-000550,MTOR,8,-2.0080034458755085,0.16,8,1.8480034458755086,0,0,8,0,1.0,0.0
438,ACH-000953,PALB2,8,-0.1611356667397191,0.6400000000000002,32,-0.4788643332602811,0,16,16,0,1.0,0.6091087562265436
439,ACH-000581,MTOR,14,-1.1039078146653911,0.25999999999999995,13,0.8439078146653911,0,0,13,0,1.0,0.0
440,ACH-000627,DIS3,1,-0.627581971560534,0.32,16,0.30758197156053396,0,0,16,0,1.0,0.21017099690182928
441,ACH-000202,MTOR,9,-1.4132547706358012,0.16,8,1.2532547706358013,0,0,8,0,1.0,0.0
442,ACH-001307,POLE,7,-1.4151205314619717,0.16,8,1.2551205314619718,0,0,8,0,1.0,0.0
443,ACH-002055,SRSF2,5,-3.1128902242798757,0.16,8,2.9528902242798756,0,0,7,1,1.0,0.0
444,ACH-003590,XPO1,5,-2.209764990446839,0.16,8,2.049764990446839,0,0,8,0,1.0,0.0
445,ACH-000323,PDCD6IP,9,-0.2687973117911522,0.36000000000000004,18,-0.09120268820884786,0,2,16,0,1.0,0.6072517411796703
446,ACH-000381,RARS2,1,-0.6781950605230397,0.32,16,0.3581950605230397,0,0,16,0,1.0,0.17522596540090662
447,ACH-000417,MAX,11,-0.878235195150337,0.3,15,0.5782351951503371,0,0,15,0,1.0,0.0
448,ACH-000030,CNOT1,0,-0.6097122780807527,0.32,16,0.28971227808075267,0,0,16,0,1.0,0.5002867359791501
449,ACH-000202,ACTB,10,-0.5450678241591453,0.32,16,0.22506782415914534,0,0,16,0,1.0,0.0638617656058087
450,ACH-000191,EIF2B3,4,-1.0265003306509688,0.16,8,0.8665003306509688,0,0,8,0,1.0,0.10561516395403436
451,ACH-000422,WTAP,4,-0.7270092192041822,0.32,16,0.40700921920418215,0,0,16,0,1.0,0.0
452,ACH-000718,ACTB,12,-0.9924953555052118,0.18,9,0.8124953555052119,0,0,9,0,1.0,0.0
453,ACH-000371,BAP1,7,-0.6933306462205783,0.34,17,0.35333064622057825,0,1,16,0,1.0,0.14659938387161187
454,ACH-000302,ERCC3,13,-0.995778728081366,0.32,16,0.6757787280813661,0,0,16,0,1.0,0.0
455,ACH-000272,CTCF,4,-1.6633578146488996,0.16,8,1.5033578146488997,0,0,8,0,1.0,0.8593178861800201
456,ACH-000403,CNOT3,15,-1.855639169802558,0.3,15,1.555639169802558,0,0,15,0,1.0,0.0
457,ACH-000961,MYC,6,-1.3782879047956555,0.16,8,1.2182879047956556,0,0,8,0,1.0,0.0
458,ACH-002055,NCAPD2,1,-0.7288680195213333,0.27999999999999997,14,0.4488680195213333,0,0,14,0,1.0,0.0
459,ACH-000953,SON,0,-0.98835060781546,0.32,16,0.66835060781546,0,0,16,0,1.0,0.05383301884901437
460,ACH-001737,DHPS,15,-1.1118292469634008,0.36000000000000004,18,0.7518292469634007,0,2,16,0,1.0,0.16593965497269814
461,ACH-001205,RHOA,5,-0.1794118833419488,0.32,16,-0.1405881166580512,0,0,16,0,1.0,0.8790817473800455
462,ACH-000630,OXA1L,6,-0.7544093044603031,0.32,16,0.43440930446030307,0,0,16,0,1.0,0.0
463,ACH-000718,POLE,14,-1.5606689558804694,0.25999999999999995,13,1.3006689558804694,0,0,13,0,1.0,0.0
464,ACH-000097,MYC,0,-1.675628126698841,0.32,16,1.355628126698841,0,0,16,0,1.0,0.0
465,ACH-000961,SMC4,8,-1.5209427500672612,0.16,8,1.3609427500672613,0,0,8,0,1.0,0.0
466,ACH-000148,PPP2R1A,6,-1.2830869669369067,0.16,8,1.1230869669369068,0,0,8,0,1.0,0.0
467,ACH-001699,RAC1,3,-0.3448547796495723,0.19999999999999998,10,0.1448547796495723,0,0,10,0,1.0,0.4426091353767652
468,ACH-000030,OXA1L,10,-0.778154742258118,0.32,16,0.458154742258118,0,0,16,0,1.0,0.353246830243248
469,ACH-000753,CTCF,6,-1.3916793265387188,0.16,8,1.231679326538719,0,0,8,0,1.0,0.0
470,ACH-000961,CTCF,13,-2.6595923008310915,0.21999999999999997,11,2.439592300831092,0,0,11,0,1.0,0.0
471,ACH-000766,RICTOR,14,-0.754434753318223,0.36000000000000004,18,0.3944347533182229,0,2,16,0,1.0,0.0
472,ACH-000142,CHD4,15,-1.1425757815205264,0.3,15,0.8425757815205264,0,0,15,0,1.0,0.0
473,ACH-002400,VHL,12,-0.6230783405892883,0.32,16,0.30307834058928834,0,0,16,0,1.0,0.0
474,ACH-000202,CRNKL1,3,-1.7862597174661496,0.19999999999999998,10,1.5862597174661497,0,0,10,0,1.0,0.0
475,ACH-001699,EIF1AX,4,-1.5603397608814291,0.16,8,1.4003397608814292,0,0,8,0,1.0,0.0
476,ACH-001307,RFC5,3,-0.8828477472903961,0.19999999999999998,10,0.6828477472903961,0,0,10,0,1.0,0.5322727841715756
477,ACH-002043,POLE,14,-1.862877089141572,0.25999999999999995,13,1.602877089141572,0,0,13,0,1.0,0.0
478,ACH-000005,KRAS,14,-0.923617820732557,0.32,16,0.6036178207325571,0,0,16,0,1.0,0.0
479,ACH-000444,BRD4,7,-0.7510010281319401,0.16,8,0.5910010281319401,0,0,8,0,1.0,0.23078317504037904
480,ACH-001618,RAC1,9,-0.5196874153108226,0.32,16,0.19968741531082262,0,0,16,0,1.0,0.12814678421280756
481,ACH-000128,TRRAP,3,-1.4871085482448163,0.19999999999999998,10,1.2871085482448164,0,0,10,0,1.0,0.0
482,ACH-002043,EIF1AX,9,-0.0075224010341774,0.16,8,-0.1524775989658226,0,0,8,0,1.0,1.0016530938286463
483,ACH-000123,CCND3,9,-1.7829488563413134,0.16,8,1.6229488563413135,0,0,8,0,1.0,0.0
484,ACH-000371,CUL3,2,-0.5509672521913399,0.34,17,0.21096725219133988,0,1,16,0,1.0,0.14236339402923837
485,ACH-000478,H3-3A,0,-1.796293839012677,0.32,16,1.476293839012677,0,0,16,0,1.0,0.0
486,ACH-000376,CNOT9,1,-0.9426278606762188,0.34,17,0.6026278606762188,0,1,16,0,1.0,0.0
487,ACH-001791,CNOT3,0,-1.758540833125025,0.32,16,1.438540833125025,0,0,16,0,1.0,0.0
488,ACH-001502,TACC3,14,-0.6825399320088865,0.34,17,0.3425399320088865,0,1,16,0,1.0,0.0
489,ACH-001431,SMARCB1,15,-0.5686971974434833,0.32,16,0.24869719744348334,0,0,16,0,1.0,0.29035153183192297
490,ACH-000541,SMC5,1,-0.5414250532003753,0.32,16,0.22142505320037525,0,0,16,0,1.0,0.13221946333606394
491,ACH-000655,EIF1AX,10,-1.5990841076909972,0.16,8,1.4390841076909973,0,0,8,0,1.0,0.464979138575236
492,ACH-000144,ERCC3,7,-0.3358301266839862,0.16,8,0.1758301266839862,0,0,8,0,1.0,1.0131009196814906
493,ACH-000766,CRNKL1,8,-1.4634514241996068,0.16,8,1.303451424199607,0,0,8,0,1.0,0.0
494,ACH-000550,SMARCB1,9,-0.6507391943454467,0.18,9,0.4707391943454467,0,0,9,0,1.0,0.0
495,ACH-001547,XPO1,7,-1.506485156226974,0.16,8,1.3464851562269742,0,0,8,0,1.0,0.0
496,ACH-000123,BAP1,12,-0.6340870576565801,0.32,16,0.3140870576565801,0,0,16,0,1.0,0.0
497,ACH-000550,H3-3A,9,-1.201009129799374,0.16,8,1.041009129799374,0,0,8,0,1.0,0.0
498,ACH-000390,ZNHIT6,8,-0.6488371204807669,0.32,16,0.3288371204807669,0,0,16,0,1.0,0.0
499,ACH-001307,PCBP1,7,-1.3908883126419185,0.16,8,1.2308883126419186,0,0,8,0,1.0,0.0
