episode_id,cell_line_id,selected_gene,selected_index,selected_dependency,query_cost,n_queries,total_reward,n_query_cna,n_query_damaging_mutation,n_query_expression,n_query_hotspot_mutation
0,ACH-000417,ERCC3,7,-0.9712048192702762,0.16,8,0.8112048192702762,7,1,0,0
1,ACH-000552,KIF18A,6,-3.3760423938541426,0.21999999999999997,11,3.1560423938541424,0,3,8,0
2,ACH-000172,CHD4,9,-1.2336927489255478,0.16,8,1.073692748925548,8,0,0,0
3,ACH-000422,MYC,9,-2.084482650782212,0.16,8,1.9244826507822121,8,0,0,0
4,ACH-000845,CHD4,12,-0.7769531642632684,0.16,8,0.6169531642632684,8,0,0,0
5,ACH-000444,SON,14,-0.9604640655212724,0.23999999999999996,12,0.7204640655212724,12,0,0,0
6,ACH-002055,XPO1,3,-2.371056896549552,0.16,8,2.211056896549552,4,3,1,0
7,ACH-000302,PCBP1,9,-1.6692705862878394,0.4000000000000001,20,1.2692705862878393,9,9,1,1
8,ACH-001205,TRAPPC8,10,-1.3488439380027129,0.19999999999999998,10,1.148843938002713,10,0,0,0
9,ACH-001528,RAC1,9,-0.8978636403728549,0.5600000000000002,28,0.33786364037285477,13,15,0,0
10,ACH-000478,H3-3A,14,-1.796293839012677,0.16,8,1.636293839012677,8,0,0,0
11,ACH-001307,H3-3A,13,-1.1690368672527214,0.16,8,1.0090368672527215,3,5,0,0
12,ACH-000959,KIF18A,4,-1.699575166073721,0.16,8,1.5395751660737211,1,4,2,1
13,ACH-000390,EIF1AX,4,-2.3364030014521693,0.19999999999999998,10,2.136403001452169,10,0,0,0
14,ACH-000915,NCAPD2,11,-0.9890518222404616,0.18,9,0.8090518222404617,9,0,0,0
15,ACH-000223,EEF1A1,7,-1.2046582010549098,0.16,8,1.04465820105491,6,2,0,0
16,ACH-000097,VHL,15,-0.5815710650644348,0.6400000000000002,32,-0.058428934935565446,16,16,0,0
17,ACH-000323,EIF1AX,8,-2.2139732514964847,0.16,8,2.0539732514964846,6,1,1,0
18,ACH-000172,CCND1,9,-0.9123303606210482,0.16,8,0.7523303606210482,8,0,0,0
19,ACH-001702,MAX,11,-0.8335965869592336,0.34,17,0.49359658695923353,6,10,0,1
20,ACH-000627,MAX,13,-0.826131733153858,0.6400000000000002,32,0.18613173315385778,16,14,1,1
21,ACH-000272,EIF1AX,8,-1.1390970769714652,0.16,8,0.9790970769714652,8,0,0,0
22,ACH-000191,PPP2R1A,11,-1.459626209444615,0.34,17,1.119626209444615,5,11,0,1
23,ACH-000552,SETD2,10,-0.6263519370065058,0.6400000000000002,32,-0.013648062993494414,8,11,13,0
24,ACH-000097,SMC4,10,-1.3437899510301492,0.25999999999999995,13,1.0837899510301492,11,2,0,0
25,ACH-000371,SON,4,-1.2570513243849812,0.5800000000000002,29,0.6770513243849811,16,13,0,0
26,ACH-002705,RFC5,5,-1.4207611324289109,0.18,9,1.240761132428911,9,0,0,0
27,ACH-000030,H3-3A,11,-1.8741200531751503,0.16,8,1.7141200531751504,8,0,0,0
28,ACH-000011,VHL,14,-0.5351695368998906,0.16,8,0.3751695368998905,8,0,0,0
29,ACH-000697,RFC5,4,-1.7025395259713765,0.16,8,1.5425395259713766,4,4,0,0
30,ACH-001502,TACC3,13,-0.6825399320088865,0.48000000000000015,24,0.20253993200888637,16,4,0,4
31,ACH-000978,TRRAP,3,-1.847826594010322,0.25999999999999995,13,1.587826594010322,3,10,0,0
32,ACH-000959,CNOT9,9,-0.6975203018511372,0.6400000000000002,32,0.05752030185113699,8,14,10,0
33,ACH-000381,TRAPPC8,8,-0.9244750217013552,0.16,8,0.7644750217013552,1,5,1,1
34,ACH-000435,RARS2,7,-0.5213903432397112,0.6400000000000002,32,-0.118609656760289,14,15,2,1
35,ACH-001054,POLE,1,-1.9576637284618617,0.16,8,1.7976637284618617,5,3,0,0
36,ACH-000144,MTOR,12,-1.3622163200557744,0.46000000000000013,23,0.9022163200557742,16,7,0,0
37,ACH-000422,ERCC3,12,-1.1951280963734892,0.16,8,1.0351280963734892,8,0,0,0
38,ACH-001054,CNOT3,4,-1.3129996021506063,0.16,8,1.1529996021506064,7,0,1,0
39,ACH-000541,DHPS,10,-0.5422572273362405,0.18,9,0.3622572273362405,7,2,0,0
40,ACH-000381,CTCF,11,-2.018059979473116,0.18,9,1.838059979473116,0,4,5,0
41,ACH-001547,CRNKL1,15,-1.7997859604277675,0.16,8,1.6397859604277676,4,4,0,0
42,ACH-001791,SMC5,15,-1.1281995911779523,0.4000000000000001,20,0.7281995911779522,14,6,0,0
43,ACH-000390,RFC5,5,-0.9944569105316534,0.18,9,0.8144569105316535,9,0,0,0
44,ACH-000718,SMC4,6,-1.2303792977193495,0.16,8,1.0703792977193496,8,0,0,0
45,ACH-001699,CENPN,3,-1.2866996134985815,0.16,8,1.1266996134985816,3,0,0,5
46,ACH-001702,CCND1,7,-0.8754089824405111,0.18,9,0.6954089824405112,9,0,0,0
47,ACH-001502,CUL3,15,-0.7775966895053337,0.5400000000000001,27,0.23759668950533352,16,8,0,3
48,ACH-000552,XPO1,2,-1.2883116650458817,0.4000000000000001,20,0.8883116650458815,2,3,15,0
49,ACH-000191,SON,0,-0.9204689735687632,0.6400000000000002,32,0.280468973568763,16,16,0,0
50,ACH-001431,PCBP1,0,-0.9929967534320622,0.32,16,0.6729967534320622,16,0,0,0
51,ACH-000356,RAC1,15,-0.4376158569240434,0.46000000000000013,23,-0.02238414307595671,16,7,0,0
52,ACH-001737,NCAPD2,12,-1.2292886273848118,0.3,15,0.9292886273848118,12,3,0,0
53,ACH-003590,EIF1AX,6,-1.3483742897927675,0.16,8,1.1883742897927676,1,7,0,0
54,ACH-000371,SF3B1,7,-1.3412572803084262,0.32,16,1.021257280308426,14,2,0,0
55,ACH-000202,STIL,8,-0.2226327660348701,0.6400000000000002,32,-0.41736723396513015,10,13,9,0
56,ACH-001618,PTPN11,14,-0.5449521205881238,0.6400000000000002,32,-0.09504787941187642,16,13,2,1
57,ACH-000435,TRRAP,2,-1.8557460968830697,0.32,16,1.5357460968830696,6,9,0,1
58,ACH-000391,MYC,5,-2.498093946988168,0.16,8,2.3380939469881676,2,1,1,4
59,ACH-000637,XRCC5,12,-0.7996193882507213,0.5200000000000001,26,0.2796193882507212,16,10,0,0
60,ACH-000915,ZNHIT6,12,-0.5661112348979077,0.6000000000000002,30,-0.03388876510209249,16,12,2,0
61,ACH-000541,PPP2R1A,15,-0.7806288599017575,0.6400000000000002,32,0.14062885990175722,16,16,0,0
62,ACH-000541,KIF18A,1,-0.9781356037448176,0.46000000000000013,23,0.5181356037448175,15,8,0,0
63,ACH-000030,EIF1AX,4,-2.1443092456875847,0.19999999999999998,10,1.9443092456875848,10,0,0,0
64,ACH-002142,SRSF2,5,-2.319153720515064,0.16,8,2.159153720515064,8,0,0,0
65,ACH-000581,UPF2,1,-1.5070602511137934,0.38000000000000006,19,1.1270602511137933,16,2,1,0
66,ACH-000664,MTOR,4,-1.1224042086527506,0.6000000000000002,30,0.5224042086527504,16,14,0,0
67,ACH-000630,MTOR,3,-1.7933372101985046,0.18,9,1.6133372101985046,4,0,0,5
68,ACH-000290,PPP2R1A,7,-1.0567223580533167,0.16,8,0.8967223580533167,8,0,0,0
69,ACH-000244,EIF2B3,4,-1.0826187556965463,0.16,8,0.9226187556965463,8,0,0,0
70,ACH-002705,UPF2,2,-1.104537837562945,0.38000000000000006,19,0.724537837562945,16,3,0,0
71,ACH-000627,CRNKL1,8,-1.887053914645609,0.16,8,1.727053914645609,8,0,0,0
72,ACH-001699,DIS3,0,-0.8484696759358984,0.5800000000000002,29,0.2684696759358982,16,12,0,1
73,ACH-000018,PCBP1,7,-1.1128961804699882,0.18,9,0.9328961804699882,9,0,0,0
74,ACH-000128,ANKRD11,14,0.0774196526914935,0.6400000000000002,32,-0.7174196526914938,16,16,0,0
75,ACH-000391,XPO1,15,-2.1431936986674085,0.32,16,1.8231936986674084,14,2,0,0
76,ACH-000581,SON,14,-1.1742886265177634,0.4400000000000001,22,0.7342886265177633,16,5,1,0
77,ACH-000381,PCBP1,15,-1.9453172367653624,0.34,17,1.6053172367653623,1,8,8,0
78,ACH-000323,CNOT3,3,-1.127900538692534,0.16,8,0.967900538692534,8,0,0,0
79,ACH-001431,H3-3A,7,-1.8761008227514728,0.16,8,1.716100822751473,5,1,1,1
80,ACH-000172,PIK3CA,6,-0.552916610727439,0.4200000000000001,21,0.13291661072743893,16,5,0,0
81,ACH-000334,EIF2B3,11,-1.221313985194537,0.25999999999999995,13,0.9613139851945369,10,3,0,0
82,ACH-000637,RFC5,2,-1.3228217333796113,0.32,16,1.0028217333796112,16,0,0,0
83,ACH-001699,TRAPPC8,6,-1.1642374419832195,0.16,8,1.0042374419832196,8,0,0,0
84,ACH-000202,CTNNB1,12,-0.948097404406016,0.27999999999999997,14,0.668097404406016,1,4,9,0
85,ACH-001737,DHX15,13,-1.364271847635642,0.32,16,1.0442718476356418,12,4,0,0
86,ACH-000469,KIF18A,12,-1.815862000935063,0.27999999999999997,14,1.535862000935063,14,0,0,0
87,ACH-000188,MTOR,4,-0.935436774685792,0.16,8,0.775436774685792,8,0,0,0
88,ACH-000766,XPO1,7,-2.718445347265165,0.6400000000000002,32,2.078445347265165,16,11,1,4
89,ACH-000188,NUP93,3,-1.583839550239516,0.16,8,1.423839550239516,3,0,0,5
90,ACH-002400,ERBB2,12,-0.1246411706216407,0.19999999999999998,10,-0.07535882937835928,8,2,0,0
91,ACH-000030,WTAP,5,-0.3098933607459478,0.19999999999999998,10,0.10989336074594783,10,0,0,0
92,ACH-001205,XPO1,7,-2.407398443438744,0.16,8,2.247398443438744,6,2,0,0
93,ACH-000961,SMC5,1,-0.8364779839093371,0.6400000000000002,32,0.1964779839093369,16,14,0,2
94,ACH-000403,MED12,2,-0.7516171978432444,0.6400000000000002,32,0.1116171978432442,11,15,6,0
95,ACH-000381,NCAPD2,3,-1.2298681943853993,0.5600000000000002,28,0.6698681943853991,5,6,14,3
96,ACH-000676,EIF2B3,5,-1.4657281077736102,0.16,8,1.3057281077736103,8,0,0,0
97,ACH-001038,NCAPD2,2,-1.5105234142713149,0.16,8,1.350523414271315,8,0,0,0
98,ACH-000961,DHX15,9,-1.3504002601545897,0.46000000000000013,23,0.8904002601545895,8,14,0,1
99,ACH-001054,SON,2,-0.8184525253127403,0.5000000000000001,25,0.31845252531274015,16,8,1,0
100,ACH-000381,RFC5,5,-1.3096870223151686,0.19999999999999998,10,1.1096870223151687,0,3,7,0
101,ACH-001303,MTOR,8,-0.675580290534627,0.16,8,0.515580290534627,7,1,0,0
102,ACH-001528,XPO1,0,-2.018717148911429,0.48000000000000015,24,1.5387171489114289,16,8,0,0
103,ACH-000550,CCND1,14,-1.0204893431461897,0.21999999999999997,11,0.8004893431461897,11,0,0,0
104,ACH-000391,DHX15,11,-1.1974874047851325,0.23999999999999996,12,0.9574874047851325,11,1,0,0
105,ACH-000444,POLE,11,-1.3529790160306836,0.16,8,1.1929790160306837,6,0,1,1
106,ACH-000191,ZNF407,13,-0.6958175122935516,0.6400000000000002,32,0.05581751229355136,6,15,0,11
107,ACH-000766,STIL,9,-0.1852255876574578,0.6400000000000002,32,-0.45477441234254246,16,14,0,2
108,ACH-000148,DHPS,4,-0.8668816127202098,0.6400000000000002,32,0.22688161272020957,16,14,1,1
109,ACH-000005,CTCF,8,-2.0529724980912167,0.18,9,1.8729724980912168,9,0,0,0
110,ACH-000959,SMC4,8,-1.9331370106992645,0.16,8,1.7731370106992645,1,5,1,1
111,ACH-003590,SON,14,-0.3815868384945261,0.5200000000000001,26,-0.138413161505474,16,10,0,0
112,ACH-001205,MED12,1,-0.5203130045873364,0.6200000000000002,31,-0.09968699541266379,16,11,0,4
113,ACH-000290,H3-3A,4,-1.96625739722954,0.19999999999999998,10,1.7662573972295401,10,0,0,0
114,ACH-000244,CNOT3,10,-1.5840810856142795,0.16,8,1.4240810856142796,8,0,0,0
115,ACH-000697,RARS2,11,-1.0180795361361437,0.6400000000000002,32,0.3780795361361434,16,16,0,0
116,ACH-002693,PPP2R1A,1,-1.591461438076072,0.16,8,1.4314614380760722,8,0,0,0
117,ACH-000146,CCND3,5,-1.4872620975141917,0.6400000000000002,32,0.8472620975141915,16,15,1,0
118,ACH-000697,SMARCB1,0,-1.103101556556783,0.4000000000000001,20,0.7031015565567829,16,4,0,0
119,ACH-000541,WTAP,13,-0.8929179281952293,0.6400000000000002,32,0.25291792819522907,16,16,0,0
120,ACH-000435,PCBP1,7,-1.2144197430446797,0.5000000000000001,25,0.7144197430446796,13,11,1,0
121,ACH-000444,NCAPD2,9,-0.9101675378565698,0.16,8,0.7501675378565698,8,0,0,0
122,ACH-000550,ACTB,6,-0.4093304546178296,0.6400000000000002,32,-0.23066954538217066,16,14,2,0
123,ACH-000202,DHX15,7,-1.5603753944787944,0.16,8,1.4003753944787944,0,4,4,0
124,ACH-000630,EIF1AX,12,-1.7184123899316928,0.18,9,1.5384123899316928,9,0,0,0
125,ACH-000435,BRCA2,14,0.1137152150797374,0.5000000000000001,25,-0.6137152150797375,10,12,0,3
126,ACH-001547,CDK4,14,-0.8052898946111552,0.6400000000000002,32,0.16528989461115495,16,16,0,0
127,ACH-000381,SON,1,-1.3178974419789236,0.6400000000000002,32,0.6778974419789233,14,14,3,1
128,ACH-003590,KIF18A,4,-0.4572071597217676,0.16,8,0.2972071597217676,3,5,0,0
129,ACH-000697,EIF2B3,6,-1.403314397903788,0.16,8,1.2433143979037882,4,4,0,0
130,ACH-003590,ACTB,2,-0.624993842490314,0.6400000000000002,32,-0.015006157509686258,16,16,0,0
131,ACH-001618,MED12,6,-0.5056784449652101,0.18,9,0.3256784449652101,8,0,1,0
132,ACH-002291,EIF1AX,2,-1.409706001597285,0.18,9,1.2297060015972852,9,0,0,0
133,ACH-000417,CENPN,6,-1.2824836897688998,0.18,9,1.1024836897688999,9,0,0,0
134,ACH-000030,ERCC2,4,-1.1273249788982052,0.19999999999999998,10,0.9273249788982052,10,0,0,0
135,ACH-000502,KIF18A,15,-2.127090138907641,0.19999999999999998,10,1.927090138907641,10,0,0,0
136,ACH-001737,SF3B1,11,-0.7187099201397293,0.27999999999999997,14,0.43870992013972937,9,5,0,0
137,ACH-000142,WTAP,11,-1.0638638336997115,0.5200000000000001,26,0.5438638336997114,13,2,9,2
138,ACH-000142,PCBP1,15,-1.1112604220968678,0.18,9,0.9312604220968679,7,0,0,2
139,ACH-000663,MYC,5,-2.759575666560158,0.19999999999999998,10,2.559575666560158,10,0,0,0
140,ACH-002693,CTCF,0,-1.674000306531619,0.19999999999999998,10,1.474000306531619,10,0,0,0
141,ACH-000907,ZNF407,15,-0.8580242296585346,0.6000000000000002,30,0.25802422965853444,16,9,1,4
142,ACH-000191,MTOR,1,-1.5200101364742378,0.4400000000000001,22,1.0800101364742376,15,7,0,0
143,ACH-001205,KIF18A,6,-1.3110815341011517,0.16,8,1.1510815341011518,5,1,1,1
144,ACH-001054,DHPS,5,-1.0606998419172935,0.19999999999999998,10,0.8606998419172935,10,0,0,0
145,ACH-001054,MAX,7,-1.1230648489770083,0.6400000000000002,32,0.4830648489770081,16,16,0,0
146,ACH-000290,CENPN,12,-2.055378645838476,0.16,8,1.8953786458384763,8,0,0,0
147,ACH-000637,RARS2,2,-0.7049729712159827,0.5000000000000001,25,0.20497297121598257,16,8,1,0
148,ACH-000223,PPP2R1A,6,-1.2776289107398469,0.16,8,1.117628910739847,4,4,0,0
149,ACH-000202,XPO1,15,-2.4623882885323574,0.5200000000000001,26,1.9423882885323573,9,9,8,0
150,ACH-000766,ZNF407,12,-0.1878265583161328,0.16,8,0.027826558316132788,8,0,0,0
151,ACH-000018,CRNKL1,15,-1.3573837037877192,0.16,8,1.1973837037877193,8,0,0,0
152,ACH-000552,NUP93,8,-1.988610418135661,0.16,8,1.828610418135661,1,5,1,1
153,ACH-001791,XPO1,14,-1.731651520438891,0.16,8,1.571651520438891,7,0,0,1
154,ACH-000469,SMC4,9,-1.3708292784667455,0.16,8,1.2108292784667456,6,1,1,0
155,ACH-000469,CTCF,8,-2.08450226416171,0.16,8,1.92450226416171,6,1,1,0
156,ACH-000907,KMT2D,15,-0.7279692946491073,0.6400000000000002,32,0.08796929464910708,16,6,3,7
157,ACH-000290,TRRAP,0,-1.4776946644347249,0.3,15,1.1776946644347248,15,0,0,0
158,ACH-000959,XPO1,1,-1.6401295267301568,0.6400000000000002,32,1.0001295267301566,8,8,14,2
159,ACH-000403,EIF2B3,1,-2.085509556085764,0.36000000000000004,18,1.725509556085764,1,3,14,0
160,ACH-000142,EIF2B3,13,-1.241897786052116,0.16,8,1.0818977860521162,4,1,0,3
161,ACH-000005,ICE1,15,-1.0828698518243396,0.38000000000000006,19,0.7028698518243395,16,1,2,0
162,ACH-000391,CHD4,1,-0.4272780828221139,0.18,9,0.2472780828221139,9,0,0,0
163,ACH-000961,NUP93,9,-1.1884718497052158,0.4400000000000001,22,0.7484718497052156,7,15,0,0
164,ACH-001791,ACTB,15,-1.3760937816439247,0.4000000000000001,20,0.9760937816439246,14,6,0,0
165,ACH-000390,NCAPD2,11,-0.8384761356812878,0.16,8,0.6784761356812877,8,0,0,0
166,ACH-000907,H3-3A,5,-1.8302285329313743,0.16,8,1.6702285329313744,7,1,0,0
167,ACH-000478,UPF2,6,-1.166028748892864,0.19999999999999998,10,0.966028748892864,10,0,0,0
168,ACH-000581,PCBP1,5,-2.2499284891836515,0.18,9,2.0699284891836514,9,0,0,0
169,ACH-000581,VHL,2,-0.8644318666771075,0.4000000000000001,20,0.4644318666771074,16,4,0,0
170,ACH-000627,RFC5,11,-1.3416411103375865,0.16,8,1.1816411103375866,8,0,0,0
171,ACH-003590,BRIP1,10,-1.3714826290137572,0.6400000000000002,32,0.7314826290137569,16,16,0,0
172,ACH-000417,ERCC2,5,-0.8262062662983468,0.23999999999999996,12,0.5862062662983468,11,1,0,0
173,ACH-000390,CNOT3,13,-2.093369945836571,0.16,8,1.933369945836571,7,0,1,0
174,ACH-002019,SRSF2,9,-2.353075517751252,0.16,8,2.193075517751252,1,7,0,0
175,ACH-003590,EEF1A1,11,-2.724452372795984,0.27999999999999997,14,2.4444523727959844,10,4,0,0
176,ACH-001303,KIF14,13,-0.7449197283293212,0.4200000000000001,21,0.3249197283293211,16,3,1,1
177,ACH-002693,PCBP1,4,-1.0777625975916714,0.16,8,0.9177625975916713,7,1,0,0
178,ACH-000959,ERCC3,6,-1.0748707295552438,0.6400000000000002,32,0.43487072955524353,10,13,9,0
179,ACH-000403,SF3B1,2,-2.1481012083101896,0.16,8,1.9881012083101897,1,5,1,1
180,ACH-001054,SMARCB1,3,-0.8051013439719648,0.6400000000000002,32,0.16510134397196452,16,15,1,0
181,ACH-000663,CTCF,10,-1.4904973971951645,0.16,8,1.3304973971951646,2,0,0,6
182,ACH-000766,SON,5,-1.0561203469987368,0.18,9,0.8761203469987369,9,0,0,0
183,ACH-001303,ZNF407,5,-0.7818755650231843,0.6400000000000002,32,0.1418755650231841,16,15,1,0
184,ACH-001303,NUP93,6,-1.0639610996716418,0.5800000000000002,29,0.4839610996716416,16,12,1,0
185,ACH-000961,ACTB,9,-0.6052655879722274,0.6400000000000002,32,-0.03473441202777283,13,15,1,3
186,ACH-002400,NCAPD2,6,-0.8349964852485954,0.16,8,0.6749964852485953,6,2,0,0
187,ACH-001618,SOS1,9,-0.2264118929485773,0.36000000000000004,18,-0.13358810705142274,16,1,1,0
188,ACH-000356,H3-3A,5,-1.620465889852731,0.23999999999999996,12,1.380465889852731,12,0,0,0
189,ACH-000128,CENPN,0,-1.2016942157898454,0.16,8,1.0416942157898454,8,0,0,0
190,ACH-000907,POLE,13,-1.8763408418349936,0.23999999999999996,12,1.6363408418349936,11,1,0,0
191,ACH-000663,XRCC5,15,-0.6614284621896582,0.38000000000000006,19,0.28142846218965817,16,0,0,3
192,ACH-001211,CHD4,15,-0.8154172928318077,0.16,8,0.6554172928318077,1,7,0,0
193,ACH-000627,CENPN,1,-1.5982953939314108,0.27999999999999997,14,1.3182953939314108,14,0,0,0
194,ACH-000978,BARD1,3,-1.108739575504636,0.6400000000000002,32,0.46873957550463585,10,15,1,6
195,ACH-000030,RFC5,5,-1.3671085668382634,0.18,9,1.1871085668382635,9,0,0,0
196,ACH-000323,PPP2R1A,0,-0.898039718989138,0.16,8,0.738039718989138,8,0,0,0
197,ACH-000718,SON,3,-1.0569710340092704,0.32,16,0.7369710340092703,16,0,0,0
198,ACH-000191,ERCC3,9,-0.8501639389452178,0.38000000000000006,19,0.47016393894521774,12,7,0,0
199,ACH-000146,VHL,13,-0.7129209945385427,0.38000000000000006,19,0.3329209945385427,16,1,2,0
200,ACH-000018,CNOT3,9,-1.23862475628707,0.16,8,1.07862475628707,8,0,0,0
201,ACH-000391,XRCC5,4,-1.0061926959527208,0.16,8,0.8461926959527207,7,1,0,0
202,ACH-002705,SMC4,0,-1.090581893587797,0.32,16,0.7705818935877968,16,0,0,0
203,ACH-000753,SRSF2,11,-2.622386782842411,0.16,8,2.462386782842411,8,0,0,0
204,ACH-000627,SMARCB1,15,-1.0601014150921129,0.32,16,0.7401014150921128,16,0,0,0
205,ACH-002705,EIF2B3,6,-2.019464075578163,0.16,8,1.859464075578163,8,0,0,0
206,ACH-000391,BARD1,1,-0.5685763023458614,0.5000000000000001,25,0.06857630234586132,16,9,0,0
207,ACH-000323,XPO1,0,-2.192225090180086,0.16,8,2.032225090180086,8,0,0,0
208,ACH-000172,XPO1,12,-2.535784627114957,0.16,8,2.3757846271149567,7,0,0,1
209,ACH-000637,PCBP1,11,-1.7660333922038238,0.16,8,1.606033392203824,8,0,0,0
210,ACH-002400,BRD4,13,-0.9067531429153438,0.16,8,0.7467531429153438,6,2,0,0
211,ACH-000009,SF3B1,6,-1.055715261881868,0.21999999999999997,11,0.835715261881868,0,3,8,0
212,ACH-002693,PDCD6IP,8,-0.8657267868844181,0.6200000000000002,31,0.24572678688441785,16,15,0,0
213,ACH-000011,XPO1,14,-2.157182691812297,0.16,8,1.997182691812297,8,0,0,0
214,ACH-000552,KIF18A,11,-3.3760423938541426,0.21999999999999997,11,3.1560423938541424,0,6,5,0
215,ACH-001054,CNOT9,10,-0.6117724536292031,0.6400000000000002,32,-0.028227546370797163,16,16,0,0
216,ACH-000541,XPO1,3,-2.401581211040266,0.16,8,2.2415812110402658,4,3,1,0
217,ACH-002019,MYC,5,-1.6112932046635795,0.25999999999999995,13,1.3512932046635795,3,10,0,0
218,ACH-000959,CNOT3,4,-1.4457334899455514,0.27999999999999997,14,1.1657334899455514,2,5,6,1
219,ACH-001211,SMC4,9,-1.880001039496648,0.16,8,1.720001039496648,7,0,1,0
220,ACH-001791,NCAPD2,6,-1.2249079791554405,0.19999999999999998,10,1.0249079791554405,10,0,0,0
221,ACH-001307,CHD4,6,-1.8947691351161864,0.48000000000000015,24,1.4147691351161862,10,14,0,0
222,ACH-000011,ERCC3,0,-1.1944846934684392,0.32,16,0.8744846934684392,10,0,6,0
223,ACH-000469,MYC,9,-1.704167309567036,0.6400000000000002,32,1.0641673095670359,16,14,2,0
224,ACH-001038,CTCF,7,-2.001602431485085,0.16,8,1.8416024314850852,5,1,1,1
225,ACH-000845,ZNF407,10,-0.6422668435597952,0.16,8,0.4822668435597952,6,2,0,0
226,ACH-001205,MYH9,6,-0.1129081994379621,0.5600000000000002,28,-0.44709180056203807,16,12,0,0
227,ACH-000302,CHD4,10,-0.8996935073210894,0.5600000000000002,28,0.33969350732108927,11,15,0,2
228,ACH-002291,DICER1,14,-0.7605015325277744,0.6400000000000002,32,0.12050153252777418,16,10,1,5
229,ACH-000753,SF3B1,14,-1.6640224145962734,0.16,8,1.5040224145962735,7,0,0,1
230,ACH-000478,MYC,8,-1.2998424309494756,0.46000000000000013,23,0.8398424309494754,16,7,0,0
231,ACH-001990,BRAF,12,-1.359683431033127,0.32,16,1.0396834310331269,15,0,1,0
232,ACH-002693,UPF2,8,-1.1252969995747688,0.16,8,0.9652969995747688,7,1,0,0
233,ACH-000753,EIF2B3,15,-1.1252676213365356,0.16,8,0.9652676213365355,7,0,0,1
234,ACH-002055,MED12,12,-0.3860393541643247,0.6400000000000002,32,-0.2539606458356755,16,16,0,0
235,ACH-000018,PCBP1,15,-1.1128961804699882,0.38000000000000006,19,0.7328961804699881,8,0,8,3
236,ACH-000371,EIF1AX,0,-0.5198892420543841,0.38000000000000006,19,0.13988924205438408,16,3,0,0
237,ACH-000172,MTOR,1,-0.8023184532404959,0.3,15,0.5023184532404958,15,0,0,0
238,ACH-000766,NCAPD2,9,-1.3238624859228776,0.16,8,1.1638624859228777,7,1,0,0
239,ACH-000381,TRAPPC8,10,-0.9244750217013552,0.16,8,0.7644750217013552,1,4,3,0
240,ACH-001205,ERCC2,9,-1.50884884245102,0.18,9,1.32884884245102,8,1,0,0
241,ACH-000272,CRNKL1,7,-1.372718736269727,0.16,8,1.2127187362697271,8,0,0,0
242,ACH-001737,CTCF,7,-1.9413137095522748,0.16,8,1.7813137095522749,1,7,0,0
243,ACH-000637,SMC4,4,-1.4764722967907464,0.36000000000000004,18,1.1164722967907463,16,1,1,0
244,ACH-002019,ZNF407,8,-0.8023382935235756,0.5600000000000002,28,0.2423382935235754,16,12,0,0
245,ACH-000627,ERCC2,12,-1.1064423954366658,0.16,8,0.9464423954366658,8,0,0,0
246,ACH-000018,NUP93,10,-1.9113375253043032,0.4400000000000001,22,1.471337525304303,9,1,7,5
247,ACH-002291,XRCC5,6,-0.8404374449262471,0.16,8,0.680437444926247,8,0,0,0
248,ACH-000290,CENPN,5,-2.055378645838476,0.18,9,1.8753786458384762,9,0,0,0
249,ACH-000907,UPF2,5,-1.2691138054041702,0.16,8,1.1091138054041703,8,0,0,0
250,ACH-000244,CCND1,0,-2.466218780163609,0.16,8,2.3062187801636087,8,0,0,0
251,ACH-000422,SRSF2,7,-2.2594847232938364,0.18,9,2.0794847232938363,9,0,0,0
252,ACH-000953,ERCC2,7,-0.7880893447751918,0.34,17,0.44808934477519174,15,2,0,0
253,ACH-000030,BARD1,7,-0.5562189887002027,0.6400000000000002,32,-0.08378101129979754,16,14,0,2
254,ACH-000581,PTPN11,10,-1.3177122168386368,0.4200000000000001,21,0.8977122168386367,16,5,0,0
255,ACH-000390,TRRAP,15,-1.5362260420825575,0.32,16,1.2162260420825575,16,0,0,0
256,ACH-000676,SRSF2,15,-3.059596333423527,0.25999999999999995,13,2.799596333423527,13,0,0,0
257,ACH-000009,SF3B1,10,-1.055715261881868,0.16,8,0.8957152618818679,1,4,3,0
258,ACH-001990,CRNKL1,14,-1.5469260311728112,0.21999999999999997,11,1.3269260311728113,11,0,0,0
259,ACH-000978,TRRAP,4,-1.847826594010322,0.16,8,1.687826594010322,1,7,0,0
260,ACH-000697,UPF2,10,-1.229617167154594,0.18,9,1.049617167154594,7,2,0,0
261,ACH-000469,CNOT3,11,-2.1772186040134383,0.21999999999999997,11,1.9572186040134383,11,0,0,0
262,ACH-000356,TRAPPC8,9,-1.563860960484176,0.38000000000000006,19,1.1838609604841759,16,3,0,0
263,ACH-000128,DHX15,7,-1.266866410701883,0.19999999999999998,10,1.066866410701883,9,1,0,0
264,ACH-000376,XRCC5,4,-0.7582121656164188,0.16,8,0.5982121656164188,8,0,0,0
265,ACH-001791,SMARCB1,6,-0.8705102334671195,0.34,17,0.5305102334671195,15,2,0,0
266,ACH-000435,MTOR,11,-1.6035750567500564,0.16,8,1.4435750567500565,1,7,0,0
267,ACH-003590,BRD4,1,-1.1855283215059078,0.34,17,0.8455283215059077,14,3,0,0
268,ACH-000859,RAC1,6,-1.0335510545448623,0.6400000000000002,32,0.39355105454486206,16,15,0,1
269,ACH-001618,BRD4,1,-0.8486162521206322,0.16,8,0.6886162521206322,8,0,0,0
270,ACH-001211,RAC1,10,-0.8273290011729605,0.18,9,0.6473290011729604,8,1,0,0
271,ACH-000302,PIK3CA,14,-0.5819885007486117,0.6400000000000002,32,-0.05801149925138849,13,14,1,4
272,ACH-002142,SRSF2,15,-2.319153720515064,0.3,15,2.0191537205150643,14,1,0,0
273,ACH-000907,EIF2B3,3,-1.5690722737907294,0.19999999999999998,10,1.3690722737907295,10,0,0,0
274,ACH-000961,SON,2,-0.6899590556402246,0.34,17,0.3499590556402246,7,9,1,0
275,ACH-000550,MYC,4,-1.7913945144259644,0.18,9,1.6113945144259645,9,0,0,0
276,ACH-001054,SETD2,11,-0.2402057922171213,0.6400000000000002,32,-0.39979420778287894,16,16,0,0
277,ACH-000191,DHX15,11,-1.3966815229867822,0.3,15,1.0966815229867821,8,7,0,0
278,ACH-002019,PTPN11,0,-1.2313976273812193,0.6400000000000002,32,0.591397627381219,15,15,0,2
279,ACH-002043,SMARCB1,2,-0.7603505962053315,0.36000000000000004,18,0.4003505962053315,16,1,0,1
280,ACH-001699,MTOR,5,-1.1981858680989297,0.16,8,1.0381858680989298,5,0,0,3
281,ACH-000664,SMC4,4,-1.069501289908927,0.16,8,0.9095012899089269,5,3,0,0
282,ACH-001618,DHPS,5,-0.7050828462996653,0.25999999999999995,13,0.4450828462996654,13,0,0,0
283,ACH-001205,NDUFS1,13,-0.5726587414853337,0.5400000000000001,27,0.03265874148533354,16,11,0,0
284,ACH-000302,TACC3,4,-0.7175311287630095,0.6400000000000002,32,0.07753112876300927,16,14,0,2
285,ACH-000630,MTOR,5,-1.7933372101985046,0.16,8,1.6333372101985046,7,0,0,1
286,ACH-000422,CTCF,8,-1.1390800454779453,0.16,8,0.9790800454779452,8,0,0,0
287,ACH-000753,CNOT3,0,-1.354825413594941,0.32,16,1.0348254135949408,10,0,6,0
288,ACH-000223,SMARCB1,13,-0.8377490088847054,0.16,8,0.6777490088847054,6,2,0,0
289,ACH-001307,KIF18A,10,-0.927027572618546,0.34,17,0.5870275726185459,11,6,0,0
290,ACH-000550,ZNF407,10,-0.6176642884946315,0.6400000000000002,32,-0.022335711505368727,16,14,2,0
291,ACH-001211,ERCC3,3,-1.17220904254185,0.25999999999999995,13,0.9122090425418501,13,0,0,0
292,ACH-002019,TRAPPC8,7,-1.615866038522634,0.19999999999999998,10,1.415866038522634,1,9,0,0
293,ACH-000978,MTOR,9,-1.542688867535435,0.16,8,1.3826888675354352,1,7,0,0
294,ACH-001431,CCND1,11,-2.4711001420007466,0.21999999999999997,11,2.2511001420007464,11,0,0,0
295,ACH-001038,CNOT3,12,-1.3268202617428937,0.27999999999999997,14,1.0468202617428937,12,2,0,0
296,ACH-000502,KIF18A,3,-2.127090138907641,0.25999999999999995,13,1.8670901389076409,13,0,0,0
297,ACH-000859,SON,14,-1.118982381019714,0.19999999999999998,10,0.918982381019714,6,4,0,0
298,ACH-000676,CNOT3,12,-1.5407678769382538,0.16,8,1.3807678769382539,8,0,0,0
299,ACH-000334,CNOT1,9,-0.5263504862975193,0.5800000000000002,29,-0.05364951370248083,16,13,0,0
300,ACH-000290,HEATR6,0,-0.1527544827607085,0.6400000000000002,32,-0.48724551723929177,16,16,0,0
301,ACH-000907,XPO1,0,-2.440492335859477,0.3,15,2.140492335859477,15,0,0,0
302,ACH-000172,NUP93,9,-2.1105013230015954,0.16,8,1.9505013230015955,7,1,0,0
303,ACH-000009,STIL,7,-0.8958576801891931,0.6400000000000002,32,0.25585768018919286,8,12,12,0
304,ACH-000223,RFC5,9,-1.4163512640238307,0.23999999999999996,12,1.1763512640238307,8,4,0,0
305,ACH-000469,MTOR,7,-0.8856673786981814,0.18,9,0.7056673786981813,9,0,0,0
306,ACH-003590,CCND3,15,-1.0910746944193848,0.6400000000000002,32,0.4510746944193845,16,16,0,0
307,ACH-000128,SF3B1,5,-1.1186557611944836,0.19999999999999998,10,0.9186557611944837,10,0,0,0
308,ACH-000244,PTPN11,11,-1.4996855176741657,0.48000000000000015,24,1.0196855176741655,16,7,1,0
309,ACH-000541,KMT2D,8,-0.3031298448735812,0.6400000000000002,32,-0.33687015512641905,16,16,0,0
310,ACH-002705,KRAS,15,-0.8988283422520509,0.25999999999999995,13,0.6388283422520509,13,0,0,0
311,ACH-000202,MED12,0,0.1053533868433959,0.6400000000000002,32,-0.7453533868433961,7,14,11,0
312,ACH-000637,POLE,13,-1.5224316606791557,0.16,8,1.3624316606791558,8,0,0,0
313,ACH-000223,CENPN,9,-1.4703349274638204,0.23999999999999996,12,1.2303349274638204,10,2,0,0
314,ACH-000148,BAP1,8,-0.602985711338524,0.6400000000000002,32,-0.03701428866147627,16,15,0,1
315,ACH-000541,SDHA,11,0.1577267351827571,0.5600000000000002,28,-0.7177267351827572,16,12,0,0
316,ACH-002142,DIS3,1,-0.6575383990881826,0.4000000000000001,20,0.2575383990881825,16,4,0,0
317,ACH-000907,ICE1,4,-0.8130989582858376,0.23999999999999996,12,0.5730989582858376,12,0,0,0
318,ACH-000403,SMC4,8,-1.1981044601744033,0.16,8,1.0381044601744034,1,5,1,1
319,ACH-001038,MYC,1,-2.5419039821150435,0.18,9,2.3619039821150434,9,0,0,0
320,ACH-000552,CHD4,12,-1.8882197573101007,0.6400000000000002,32,1.2482197573101006,14,14,4,0
321,ACH-001702,PCBP1,7,-1.3260784945729087,0.18,9,1.1460784945729088,9,0,0,0
322,ACH-001205,XPO1,13,-2.407398443438744,0.27999999999999997,14,2.1273984434387443,13,1,0,0
323,ACH-000146,SMARCB1,15,-1.1805351735325198,0.6400000000000002,32,0.5405351735325196,16,13,2,1
324,ACH-002400,CHD4,15,-1.1249008622581906,0.3,15,0.8249008622581906,13,2,0,0
325,ACH-001699,CHD4,2,-0.9520272559372712,0.16,8,0.7920272559372712,6,0,0,2
326,ACH-002055,EP300,1,-0.7486238556171836,0.36000000000000004,18,0.38862385561718354,15,3,0,0
327,ACH-000302,XPO1,5,-2.421175567123929,0.16,8,2.261175567123929,0,8,0,0
328,ACH-000630,EIF2B3,3,-1.821235158231485,0.16,8,1.661235158231485,3,0,0,5
329,ACH-001431,RICTOR,5,-0.592385367542302,0.5200000000000001,26,0.07238536754230185,16,10,0,0
330,ACH-000128,CRNKL1,10,-1.6834156250758887,0.16,8,1.5234156250758888,8,0,0,0
331,ACH-000188,ERCC2,6,-1.5416452695203708,0.32,16,1.2216452695203708,16,0,0,0
332,ACH-002400,SMARCB1,4,-0.4533968054820673,0.36000000000000004,18,0.09339680548206725,16,2,0,0
333,ACH-000191,VHL,10,-0.946293224656484,0.32,16,0.6262932246564841,7,9,0,0
334,ACH-000371,SON,1,-1.2570513243849812,0.6400000000000002,32,0.617051324384981,16,16,0,0
335,ACH-000663,TRRAP,13,-1.397728019728214,0.16,8,1.2377280197282141,8,0,0,0
336,ACH-000552,CNOT3,2,-1.667070923578855,0.4000000000000001,20,1.2670709235788549,3,3,14,0
337,ACH-001528,DHX15,10,-1.4627475284546836,0.32,16,1.1427475284546835,9,7,0,0
338,ACH-000391,OXA1L,4,-0.6987808123764767,0.48000000000000015,24,0.21878081237647656,16,8,0,0
339,ACH-001737,MAX,11,-1.2228439058316187,0.5600000000000002,28,0.6628439058316186,16,12,0,0
340,ACH-000146,CNOT3,15,-2.0548312020841286,0.32,16,1.7348312020841286,16,0,0,0
341,ACH-001502,KIF18A,5,-1.618802021524259,0.16,8,1.458802021524259,8,0,0,0
342,ACH-000444,MTOR,13,-1.6440050261881856,0.16,8,1.4840050261881856,8,0,0,0
343,ACH-001038,ZNF407,1,-1.045255806081216,0.38000000000000006,19,0.6652558060812159,16,3,0,0
344,ACH-000753,TRRAP,8,-2.036753697588105,0.16,8,1.8767536975881052,8,0,0,0
345,ACH-001038,CDK4,5,-2.687021124460565,0.38000000000000006,19,2.307021124460565,16,3,0,0
346,ACH-002693,PTPN11,1,-0.9148109455667608,0.16,8,0.7548109455667608,7,1,0,0
347,ACH-000417,NUP93,9,-1.6587565540752267,0.16,8,1.4987565540752268,7,1,0,0
348,ACH-000030,DHPS,3,-1.150644523444345,0.25999999999999995,13,0.890644523444345,13,0,0,0
349,ACH-000444,SRSF2,7,-3.5241465445728783,0.16,8,3.364146544572878,8,0,0,0
350,ACH-000502,VHL,15,-1.138423730750315,0.32,16,0.818423730750315,16,0,0,0
351,ACH-001737,RARS2,12,0.5486840891573597,0.48000000000000015,24,-1.0286840891573599,16,8,0,0
352,ACH-000011,XPO1,1,-2.157182691812297,0.32,16,1.8371826918122969,9,0,7,0
353,ACH-000142,CTCF,3,-1.0504337371189174,0.27999999999999997,14,0.7704337371189174,9,0,4,1
354,ACH-000953,NCAPD2,3,-1.0773208738643325,0.16,8,0.9173208738643325,4,4,0,0
355,ACH-000144,SRSF2,1,-2.649324904871799,0.32,16,2.329324904871799,16,0,0,0
356,ACH-002043,POLE,7,-1.862877089141572,0.16,8,1.702877089141572,8,0,0,0
357,ACH-000191,TRRAP,13,-2.1937241597929,0.16,8,2.0337241597928997,3,5,0,0
358,ACH-000630,TRRAP,6,-1.6714146176544171,0.16,8,1.5114146176544172,8,0,0,0
359,ACH-000144,RFC5,3,-0.8734147782271302,0.4200000000000001,21,0.4534147782271301,16,4,1,0
360,ACH-001205,TRAPPC8,9,-1.3488439380027129,0.18,9,1.168843938002713,8,1,0,0
361,ACH-000011,EIF2B3,13,-1.5605418866835776,0.16,8,1.4005418866835777,8,0,0,0
362,ACH-000376,H3-3A,9,-0.9315790752634212,0.16,8,0.7715790752634212,6,1,1,0
363,ACH-000502,PPP2R1A,4,-1.3454691155519394,0.23999999999999996,12,1.1054691155519394,12,0,0,0
364,ACH-000845,MYH9,2,-0.5257972349571396,0.6400000000000002,32,-0.11420276504286064,16,15,0,1
365,ACH-002291,DIS3,9,-0.6683102447972783,0.38000000000000006,19,0.28831024479727824,16,2,0,1
366,ACH-000697,SMC4,10,-1.4503283053147895,0.18,9,1.2703283053147896,7,2,0,0
367,ACH-000478,TRRAP,15,-1.1618387514139752,0.16,8,1.0018387514139753,8,0,0,0
368,ACH-001990,TRRAP,6,-1.3757001150634385,0.16,8,1.2157001150634386,8,0,0,0
369,ACH-002043,ZNF236,7,-0.699809372640654,0.6400000000000002,32,0.05980937264065378,16,12,0,4
370,ACH-001205,CHD4,0,-0.972324423402852,0.34,17,0.632324423402852,16,1,0,0
371,ACH-000142,MYC,6,-2.5877635719597425,0.19999999999999998,10,2.3877635719597423,9,0,1,0
372,ACH-001990,TRRAP,13,-1.3757001150634385,0.19999999999999998,10,1.1757001150634385,10,0,0,0
373,ACH-000697,XPO1,11,-1.6673873371808343,0.25999999999999995,13,1.4073873371808343,10,2,1,0
374,ACH-000444,EIF1AX,2,-2.354845382639139,0.25999999999999995,13,2.0948453826391393,13,0,0,0
375,ACH-000478,H3-3A,10,-1.796293839012677,0.16,8,1.636293839012677,8,0,0,0
376,ACH-000172,PTPN11,3,-0.367679965814803,0.32,16,0.047679965814802994,13,3,0,0
377,ACH-000550,CENPN,9,-1.1293171524185677,0.16,8,0.9693171524185676,8,0,0,0
378,ACH-001211,KRAS,5,-0.5648395910635365,0.4200000000000001,21,0.14483959106353644,16,5,0,0
379,ACH-000144,MTOR,11,-1.3622163200557744,0.16,8,1.2022163200557745,8,0,0,0
380,ACH-000435,BRCA2,8,0.1137152150797374,0.6200000000000002,31,-0.7337152150797376,11,16,0,4
381,ACH-000766,NCAPD2,8,-1.3238624859228776,0.16,8,1.1638624859228777,8,0,0,0
382,ACH-001303,NCAPD2,5,-0.9406250929486548,0.16,8,0.7806250929486548,7,1,0,0
383,ACH-000302,CHD4,2,-0.8996935073210894,0.6200000000000002,31,0.2796935073210892,14,15,0,2
384,ACH-000469,DHX15,11,-1.5446560441003605,0.21999999999999997,11,1.3246560441003605,11,0,0,0
385,ACH-000663,KIF18A,11,-0.7112597767699298,0.16,8,0.5512597767699298,1,0,0,7
386,ACH-001307,PCBP1,7,-1.3908883126419185,0.25999999999999995,13,1.1308883126419185,6,7,0,0
387,ACH-000502,ERCC3,11,-1.0699528030155303,0.16,8,0.9099528030155303,8,0,0,0
388,ACH-000655,XRCC5,2,-1.2313597235540008,0.16,8,1.0713597235540009,6,2,0,0
389,ACH-000123,GIGYF2,13,-0.5353623271393688,0.6400000000000002,32,-0.10463767286063141,16,3,2,11
390,ACH-000541,SF3B1,9,-0.6682626646894673,0.16,8,0.5082626646894672,5,3,0,0
391,ACH-000663,PIK3CA,2,-0.3300945871252385,0.5800000000000002,29,-0.2499054128747617,16,4,1,8
392,ACH-000144,CTCF,13,-1.895149284336,0.16,8,1.7351492843360001,8,0,0,0
393,ACH-001307,H3-3A,2,-1.1690368672527214,0.46000000000000013,23,0.7090368672527212,14,9,0,0
394,ACH-000030,UPF2,1,-1.409607233133021,0.27999999999999997,14,1.129607233133021,14,0,0,0
395,ACH-000697,XPO1,2,-1.6673873371808343,0.25999999999999995,13,1.4073873371808343,9,4,0,0
396,ACH-000655,OXA1L,3,-0.9330412773991744,0.6400000000000002,32,0.2930412773991742,16,16,0,0
397,ACH-000581,CNOT3,12,-1.44842304137105,0.36000000000000004,18,1.0884230413710498,16,2,0,0
398,ACH-000403,CTCF,10,-1.646819720242955,0.18,9,1.4668197202429551,0,6,3,0
399,ACH-000478,ERCC2,10,-0.6465724728212822,0.16,8,0.48657247282128213,8,0,0,0
400,ACH-002693,NCAPD2,4,-1.0513938895332429,0.16,8,0.8913938895332428,7,1,0,0
401,ACH-000422,VHL,6,-1.2207903308444144,0.19999999999999998,10,1.0207903308444144,10,0,0,0
402,ACH-000223,H3-3A,9,-2.2557507781121835,0.23999999999999996,12,2.0157507781121837,10,2,0,0
403,ACH-000961,PPP2R1A,0,-1.5431502034141018,0.5400000000000001,27,1.0031502034141018,14,12,0,1
404,ACH-000005,MTOR,3,-0.8532089422545881,0.16,8,0.6932089422545881,7,0,1,0
405,ACH-000552,ACTB,0,-0.6741882291512973,0.6400000000000002,32,0.034188229151297045,6,13,11,2
406,ACH-001737,SF3B1,12,-0.7187099201397293,0.32,16,0.39870992013972933,11,5,0,0
407,ACH-000148,ERCC2,15,-0.944590332928791,0.32,16,0.624590332928791,14,2,0,0
408,ACH-000005,DIS3,10,-0.9530770090055544,0.6400000000000002,32,0.31307700900555413,16,13,2,1
409,ACH-002043,PCBP1,5,-1.1997364353916171,0.16,8,1.0397364353916172,8,0,0,0
410,ACH-000845,UPF2,1,-0.8922173311760593,0.27999999999999997,14,0.6122173311760593,14,0,0,0
411,ACH-000191,TRRAP,15,-2.1937241597929,0.16,8,2.0337241597928997,2,6,0,0
412,ACH-000376,TRAPPC8,3,-1.6118454091235512,0.16,8,1.4518454091235513,8,0,0,0
413,ACH-001307,CRNKL1,7,-1.5235490065269042,0.25999999999999995,13,1.2635490065269042,5,8,0,0
414,ACH-000961,MYC,0,-1.3782879047956555,0.5000000000000001,25,0.8782879047956554,14,8,3,0
415,ACH-000478,MYC,15,-1.2998424309494756,0.16,8,1.1398424309494757,8,0,0,0
416,ACH-000356,EIF2B3,11,-1.626605514257064,0.16,8,1.466605514257064,8,0,0,0
417,ACH-002705,POLE,9,-1.5686612526663353,0.16,8,1.4086612526663354,8,0,0,0
418,ACH-000915,PPP2R1A,9,-1.7356782634207226,0.16,8,1.5756782634207227,8,0,0,0
419,ACH-000403,DHX15,5,-1.288665081221548,0.6400000000000002,32,0.6486650812215479,11,11,9,1
420,ACH-000123,RAC1,0,-0.6659824037031954,0.32,16,0.3459824037031954,16,0,0,0
421,ACH-000630,KIF18A,5,-1.2620155656620788,0.16,8,1.102015565662079,8,0,0,0
422,ACH-000290,KIF18A,7,-0.9915445417629812,0.16,8,0.8315445417629812,8,0,0,0
423,ACH-000915,DICER1,12,-0.7607768348204067,0.6400000000000002,32,0.12077683482040646,16,14,2,0
424,ACH-000390,SON,10,-0.7197441403167204,0.16,8,0.5597441403167204,8,0,0,0
425,ACH-001211,CRNKL1,2,-1.270860792213781,0.34,17,0.9308607922137808,14,3,0,0
426,ACH-000244,BAP1,11,-1.1763938042629518,0.6400000000000002,32,0.5363938042629516,16,16,0,0
427,ACH-000978,TRRAP,15,-1.847826594010322,0.4000000000000001,20,1.4478265940103219,9,11,0,0
428,ACH-000663,CCND1,7,-3.103560638796876,0.16,8,2.943560638796876,8,0,0,0
429,ACH-000334,SMC4,6,-0.6457360141696687,0.16,8,0.4857360141696687,4,4,0,0
430,ACH-000845,XRCC5,0,-0.7248479296200407,0.3,15,0.42484792962004075,15,0,0,0
431,ACH-002142,CNOT3,11,-1.4670365584860336,0.23999999999999996,12,1.2270365584860337,11,1,0,0
432,ACH-000978,TRAPPC8,8,-1.5037952065962528,0.4000000000000001,20,1.1037952065962526,6,13,0,1
433,ACH-001307,TRAPPC8,15,-1.3089310433622212,0.16,8,1.1489310433622213,2,6,0,0
434,ACH-000753,RAC1,14,-0.5776371757018476,0.16,8,0.41763717570184755,8,0,0,0
435,ACH-000478,RICTOR,13,-0.7215064771589351,0.6400000000000002,32,0.08150647715893489,16,13,2,1
436,ACH-002705,VHL,15,-1.1865831608370572,0.46000000000000013,23,0.726583160837057,16,6,1,0
437,ACH-000550,MTOR,8,-2.0080034458755085,0.16,8,1.8480034458755086,8,0,0,0
438,ACH-000953,ARID1A,2,-0.5273002964947846,0.6400000000000002,32,-0.11269970350521563,16,16,0,0
439,ACH-000581,MTOR,14,-1.1039078146653911,0.19999999999999998,10,0.9039078146653912,10,0,0,0
440,ACH-000627,DIS3,1,-0.627581971560534,0.32,16,0.30758197156053396,16,0,0,0
441,ACH-000202,MTOR,9,-1.4132547706358012,0.16,8,1.2532547706358013,1,4,2,1
442,ACH-001307,POLE,7,-1.4151205314619717,0.25999999999999995,13,1.1551205314619717,5,8,0,0
443,ACH-002055,SRSF2,5,-3.1128902242798757,0.16,8,2.9528902242798756,5,3,0,0
444,ACH-003590,XPO1,5,-2.209764990446839,0.16,8,2.049764990446839,3,3,1,1
445,ACH-000323,PDCD6IP,9,-0.2687973117911522,0.6400000000000002,32,-0.37120268820884805,16,16,0,0
446,ACH-000381,RARS2,1,-0.6781950605230397,0.6400000000000002,32,0.03819506052303945,9,14,9,0
447,ACH-000417,MAX,11,-0.878235195150337,0.16,8,0.718235195150337,7,1,0,0
448,ACH-000030,CNOT1,0,-0.6097122780807527,0.6400000000000002,32,-0.030287721919247557,16,15,0,1
449,ACH-000202,ACTB,10,-0.5450678241591453,0.6400000000000002,32,-0.0949321758408549,9,15,8,0
450,ACH-000191,EIF2B3,4,-1.0265003306509688,0.34,17,0.6865003306509687,6,11,0,0
451,ACH-000422,WTAP,4,-0.7270092192041822,0.32,16,0.40700921920418215,16,0,0,0
452,ACH-000718,ACTB,12,-0.9924953555052118,0.16,8,0.8324953555052118,8,0,0,0
453,ACH-000371,BAP1,7,-0.6933306462205783,0.6400000000000002,32,0.05333064622057804,16,16,0,0
454,ACH-000302,ERCC3,13,-0.995778728081366,0.5200000000000001,26,0.4757787280813659,12,10,2,2
455,ACH-000272,CTCF,4,-1.6633578146488996,0.16,8,1.5033578146488997,7,1,0,0
456,ACH-000403,CNOT3,15,-1.855639169802558,0.4200000000000001,21,1.435639169802558,6,8,7,0
457,ACH-000961,MYC,6,-1.3782879047956555,0.6400000000000002,32,0.7382879047956553,15,12,3,2
458,ACH-002055,NCAPD2,1,-0.7288680195213333,0.36000000000000004,18,0.36886801952133325,15,3,0,0
459,ACH-000953,SON,0,-0.98835060781546,0.6200000000000002,31,0.3683506078154598,16,15,0,0
460,ACH-001737,DHPS,15,-1.1118292469634008,0.5400000000000001,27,0.5718292469634007,16,11,0,0
461,ACH-001205,WTAP,13,-0.7153767551718705,0.5000000000000001,25,0.21537675517187038,16,9,0,0
462,ACH-000630,OXA1L,6,-0.7544093044603031,0.6400000000000002,32,0.11440930446030284,16,14,0,2
463,ACH-000718,POLE,14,-1.5606689558804694,0.21999999999999997,11,1.3406689558804694,11,0,0,0
464,ACH-000097,MYC,0,-1.675628126698841,0.34,17,1.335628126698841,11,6,0,0
465,ACH-000961,SMC4,8,-1.5209427500672612,0.5200000000000001,26,1.000942750067261,8,16,0,2
466,ACH-000148,PPP2R1A,6,-1.2830869669369067,0.16,8,1.1230869669369068,5,3,0,0
467,ACH-001699,CNOT1,4,-0.7874639150263375,0.4400000000000001,22,0.3474639150263374,16,2,0,4
468,ACH-000030,OXA1L,10,-0.778154742258118,0.6400000000000002,32,0.13815474225811775,16,14,1,1
469,ACH-000753,CTCF,6,-1.3916793265387188,0.19999999999999998,10,1.1916793265387189,9,0,1,0
470,ACH-000961,CTCF,13,-2.6595923008310915,0.19999999999999998,10,2.4595923008310914,0,10,0,0
471,ACH-000766,RICTOR,14,-0.754434753318223,0.6400000000000002,32,0.11443475331822273,16,15,0,1
472,ACH-000142,CHD4,15,-1.1425757815205264,0.16,8,0.9825757815205264,8,0,0,0
473,ACH-002400,FOXA1,1,-0.356718280192266,0.16,8,0.19671828019226598,6,2,0,0
474,ACH-000202,CRNKL1,3,-1.7862597174661496,0.16,8,1.6262597174661497,2,4,1,1
475,ACH-001699,EIF1AX,4,-1.5603397608814291,0.16,8,1.4003397608814292,4,0,0,4
476,ACH-001307,POLE,15,-1.4151205314619717,0.16,8,1.2551205314619718,2,6,0,0
477,ACH-002043,POLE,14,-1.862877089141572,0.23999999999999996,12,1.622877089141572,12,0,0,0
478,ACH-000005,KRAS,14,-0.923617820732557,0.6400000000000002,32,0.2836178207325568,16,14,1,1
479,ACH-000444,BRD4,7,-0.7510010281319401,0.16,8,0.5910010281319401,8,0,0,0
480,ACH-001618,RAC1,9,-0.5196874153108226,0.6400000000000002,32,-0.1203125846891776,16,15,1,0
481,ACH-000128,TRRAP,3,-1.4871085482448163,0.16,8,1.3271085482448164,8,0,0,0
482,ACH-002043,EIF1AX,9,-0.0075224010341774,0.32,16,-0.3124775989658226,16,0,0,0
483,ACH-000123,ZNHIT6,10,-0.6732324914864958,0.6200000000000002,31,0.05323249148649556,16,5,1,9
484,ACH-000371,BAP1,9,-0.6933306462205783,0.6400000000000002,32,0.05333064622057804,16,16,0,0
485,ACH-000478,SON,10,-1.399491568211663,0.16,8,1.2394915682116632,8,0,0,0
486,ACH-000376,CNOT9,1,-0.9426278606762188,0.6400000000000002,32,0.3026278606762186,16,16,0,0
487,ACH-001791,CNOT3,0,-1.758540833125025,0.34,17,1.4185408331250249,16,1,0,0
488,ACH-001502,TACC3,14,-0.6825399320088865,0.48000000000000015,24,0.20253993200888637,16,5,0,3
489,ACH-001431,SMARCB1,15,-0.5686971974434833,0.4200000000000001,21,0.14869719744348325,16,5,0,0
490,ACH-000541,MED12,15,-0.6736445165364392,0.5400000000000001,27,0.13364451653643905,15,12,0,0
491,ACH-000655,CRNKL1,2,-2.064063246266233,0.16,8,1.9040632462662332,7,1,0,0
492,ACH-000144,ERCC3,7,-0.3358301266839862,0.4000000000000001,20,-0.06416987331601387,16,4,0,0
493,ACH-000766,CRNKL1,8,-1.4634514241996068,0.16,8,1.303451424199607,8,0,0,0
494,ACH-000550,SMARCB1,9,-0.6507391943454467,0.5600000000000002,28,0.09073919434544653,16,10,2,0
495,ACH-001547,XPO1,7,-1.506485156226974,0.23999999999999996,12,1.266485156226974,7,5,0,0
496,ACH-000123,BAP1,12,-0.6340870576565801,0.5400000000000001,27,0.09408705765657999,16,3,0,8
497,ACH-000550,H3-3A,9,-1.201009129799374,0.16,8,1.041009129799374,8,0,0,0
498,ACH-000390,DICER1,14,-0.3497597557855905,0.6400000000000002,32,-0.29024024421440975,16,14,0,2
499,ACH-001307,PCBP1,7,-1.3908883126419185,0.46000000000000013,23,0.9308883126419183,9,14,0,0
